{
  "swagger" : "2.0",
  "info" : {
    "version" : "1.0",
    "title" : "Summary about the new REST service.",
    "description" : "Summary about the new REST service."
  },
  "host" : "localhost:8080",
  "basePath" : "/",
  "schemes" : [ "http" ],
  "paths" : {
    "/bwapiapplication" : {
      "get" : {
        "description" : "",
        "operationId" : "get-bwapiapplication",
        "consumes" : [ "application/json" ],
        "produces" : [ "application/json" ],
        "parameters" : [ {
          "name" : "filter",
          "in" : "query",
          "description" : "",
          "type" : "string",
          "required" : false
        }, {
          "name" : "port",
          "in" : "query",
          "description" : "",
          "type" : "string",
          "required" : true
        }, {
          "name" : "domain",
          "in" : "query",
          "description" : "",
          "type" : "string",
          "required" : true
        }, {
          "name" : "host",
          "in" : "query",
          "description" : "",
          "type" : "string",
          "required" : true
        }, {
          "name" : "status",
          "in" : "query",
          "description" : "",
          "type" : "string",
          "required" : true
        } ],
        "responses" : {
          "200" : {
            "description" : "a string to be returned",
            "schema" : {
              "type" : "string"
            },
            "headers" : { }
          },
          "201" : {
            "description" : "Created",
            "schema" : {
              "type" : "string"
            }
          },
          "202" : {
            "description" : "Accepted",
            "schema" : {
              "type" : "string"
            }
          },
          "204" : {
            "description" : "No Content",
            "schema" : {
              "type" : "string"
            }
          },
          "301" : {
            "description" : "Moved Permanently",
            "schema" : {
              "type" : "string"
            }
          },
          "303" : {
            "description" : "See Other",
            "schema" : {
              "type" : "string"
            }
          },
          "304" : {
            "description" : "Not Modified",
            "schema" : {
              "type" : "string"
            }
          },
          "400" : {
            "description" : "Bad Request",
            "schema" : {
              "type" : "string"
            }
          },
          "401" : {
            "description" : "Unauthorized",
            "schema" : {
              "type" : "string"
            }
          },
          "307" : {
            "description" : "Temporary Redirect",
            "schema" : {
              "type" : "string"
            }
          },
          "403" : {
            "description" : "Forbidden",
            "schema" : {
              "type" : "string"
            }
          },
          "404" : {
            "description" : "Not Found",
            "schema" : {
              "type" : "string"
            }
          },
          "500" : {
            "description" : "Internal Server Error",
            "schema" : {
              "type" : "string"
            }
          },
          "406" : {
            "description" : "Not Acceptable",
            "schema" : {
              "type" : "string"
            }
          },
          "503" : {
            "description" : "Service Unavailable",
            "schema" : {
              "type" : "string"
            }
          },
          "409" : {
            "description" : "Conflict",
            "schema" : {
              "type" : "string"
            }
          },
          "410" : {
            "description" : "Gone",
            "schema" : {
              "type" : "string"
            }
          },
          "412" : {
            "description" : "Precondition Failed",
            "schema" : {
              "type" : "string"
            }
          },
          "415" : {
            "description" : "Unsupported Media Type",
            "schema" : {
              "type" : "string"
            }
          }
        }
      }
    }
  },
  "definitions" : { }
}