<?xml version="1.0" encoding="UTF-8" standalone="no"?>
<installcomponents>
    <assemblyProperties description="sunec" installLocation="${tibco.home}"/>
    <installcomponent buildType="formal" currenttimestamp="01-23-2017-01-59-PM" prefix="product_tibco" sizeinbytes="269054" uid="sunec" version="1.8.0.121">
        <file loc="lib/amd64/libsunec.so" md5sum="d5f351667ec61b22d975169e57eebf1e" perm="755" sizeinbytes="256766" timestamp="1481589985000"/>
    </installcomponent>
    <directorylist>
        <dir loc="lib" perm="664" sizeinbytes="264958"/>
        <dir loc="lib/amd64" perm="664" sizeinbytes="260862"/>
    </directorylist>
</installcomponents>
