{
  "swagger" : "2.0",
  "info" : {
    "version" : "1.0",
    "title" : "Summary about the new REST service.",
    "description" : "Summary about the new REST service."
  },
  "host" : "localhost:8080",
  "basePath" : "/",
  "schemes" : [ "http" ],
  "paths" : {
    "/loghandlerservice" : {
      "get" : {
        "description" : "",
        "operationId" : "get-loghandlerservice",
        "consumes" : [ "application/json" ],
        "produces" : [ "application/json" ],
        "parameters" : [ {
          "name" : "LogTimestampTo",
          "in" : "query",
          "description" : "",
          "type" : "string",
          "required" : false
        }, {
          "name" : "Page",
          "in" : "query",
          "description" : "",
          "type" : "string",
          "required" : false
        }, {
          "name" : "InterfaceId",
          "in" : "query",
          "description" : "",
          "type" : "string",
          "required" : false
        }, {
          "name" : "LogTimestampFrom",
          "in" : "query",
          "description" : "",
          "type" : "string",
          "required" : false
        }, {
          "name" : "AllPages",
          "in" : "query",
          "description" : "",
          "type" : "boolean",
          "required" : false
        }, {
          "name" : "TransactionId",
          "in" : "query",
          "description" : "",
          "type" : "string",
          "required" : false
        } ],
        "responses" : {
          "200" : {
            "description" : "a CLEUILogMsgCollection to be returned",
            "schema" : {
              "$ref" : "#/definitions/CLEUILogMsgCollection"
            }
          }
        }
      }
    }
  },
  "definitions" : {
    "CLEUILogMsgCollection" : {
      "type" : "object",
      "properties" : { }
    }
  }
}