{
  "swagger" : "2.0",
  "info" : {
    "version" : "1.0",
    "title" : "Summary about the new REST service.",
    "description" : "Summary about the new REST service."
  },
  "host" : "localhost:8080",
  "basePath" : "/",
  "schemes" : [ "http" ],
  "paths" : {
    "/errorhandlerservice" : {
      "get" : {
        "description" : "",
        "operationId" : "get-errorhandlerservice",
        "consumes" : [ "application/json" ],
        "produces" : [ "application/json" ],
        "parameters" : [ {
          "name" : "ErrorTimeStampFrom",
          "in" : "query",
          "description" : "",
          "type" : "string",
          "required" : false
        }, {
          "name" : "ErrorTimeStampTo",
          "in" : "query",
          "description" : "",
          "type" : "string",
          "required" : false
        }, {
          "name" : "Page",
          "in" : "query",
          "description" : "",
          "type" : "integer",
          "format" : "int32",
          "required" : false
        }, {
          "name" : "InterfaceId",
          "in" : "query",
          "description" : "",
          "type" : "string",
          "required" : false
        }, {
          "name" : "AllPages",
          "in" : "query",
          "description" : "",
          "type" : "boolean",
          "required" : false
        }, {
          "name" : "TransactionID",
          "in" : "query",
          "description" : "",
          "type" : "string",
          "required" : false
        } ],
        "responses" : {
          "200" : {
            "description" : "a CLEUIErrorMsgCollection to be returned",
            "schema" : {
              "$ref" : "#/definitions/CLEUIErrorMsgCollection"
            }
          },
          "400" : {
            "description" : "Bad Request"
          }
        }
      }
    }
  },
  "definitions" : {
    "ErrorMsgRequest" : {
      "type" : "object",
      "properties" : {
        "ErrorMsgHeader" : {
          "$ref" : "#/definitions/ErrorMsgHeader"
        },
        "ErrorMessageDesc" : {
          "$ref" : "#/definitions/ErrorMessageDesc"
        }
      }
    },
    "ErrorMsgHeader" : {
      "type" : "object",
      "required" : [ "InterfaceID" ],
      "properties" : {
        "InterfaceID" : {
          "type" : "string"
        },
        "TransactionType" : {
          "type" : "string"
        },
        "TransactionDomain" : {
          "type" : "string"
        }
      }
    },
    "CLEUIErrorMsgCollection" : {
      "type" : "object",
      "properties" : {
        "ErrorMsgRequest" : {
          "type" : "array",
          "items" : {
            "$ref" : "#/definitions/ErrorMsgRequest",
            "uniqueItems" : false
          }
        },
        "NoOfPages" : {
          "type" : "integer"
        }
      }
    },
    "BusinessKeys" : {
      "type" : "object",
      "required" : [ "Value", "Name" ],
      "properties" : {
        "Name" : {
          "type" : "string"
        },
        "Value" : {
          "type" : "string"
        }
      }
    },
    "ErrorMessageDesc" : {
      "type" : "object",
      "required" : [ "OperationName", "GeneralErrorMsg", "TransactionID" ],
      "properties" : {
        "ErrorCategory" : {
          "type" : "string"
        },
        "ErrorSeverity" : {
          "type" : "string"
        },
        "ErrorCode" : {
          "type" : "string"
        },
        "ErrorDescription" : {
          "type" : "string"
        },
        "ErrorStack" : {
          "type" : "string"
        },
        "GeneralErrorMsg" : {
          "type" : "string"
        },
        "ProcessStack" : {
          "type" : "string"
        },
        "TransactionID" : {
          "type" : "string"
        },
        "ProcessName" : {
          "type" : "string"
        },
        "CorrelationID" : {
          "type" : "string"
        },
        "ErrorTimeStamp" : {
          "type" : "string"
        },
        "OperationName" : {
          "type" : "string"
        },
        "Payload" : {
          "type" : "string"
        },
        "BusinessKeys" : {
          "type" : "array",
          "items" : {
            "$ref" : "#/definitions/BusinessKeys",
            "uniqueItems" : false
          }
        }
      }
    }
  }
}