{
  "swagger" : "2.0",
  "info" : {
    "version" : "1.0",
    "title" : "Summary about the new REST service.",
    "description" : "Summary about the new REST service."
  },
  "host" : "localhost:8080",
  "basePath" : "/",
  "schemes" : [ "http" ],
  "paths" : {
    "/interfaceconfigservice" : {
      "post" : {
        "description" : "",
        "operationId" : "post-interfaceconfigservice",
        "consumes" : [ "application/json" ],
        "produces" : [ "application/json" ],
        "parameters" : [ {
          "name" : "body",
          "in" : "body",
          "description" : "",
          "schema" : {
            "$ref" : "#/definitions/cleInterfaceConfig"
          },
          "required" : true
        } ],
        "responses" : {
          "200" : {
            "description" : "a cleInterfaceConfig to be returned",
            "schema" : {
              "$ref" : "#/definitions/cleInterfaceConfig"
            }
          }
        }
      },
      "get" : {
        "description" : "",
        "operationId" : "get-interfaceconfigservice",
        "consumes" : [ "application/json" ],
        "produces" : [ "application/json" ],
        "parameters" : [ ],
        "responses" : {
          "200" : {
            "description" : "a cleInterfaceConfig to be returned",
            "schema" : {
              "$ref" : "#/definitions/cleInterfaceConfig"
            }
          }
        }
      }
    }
  },
  "definitions" : {
    "CLEInterfaceConfigRes" : {
      "type" : "object",
      "required" : [ "cleExceptionConfigOutput" ],
      "properties" : {
        "cleExceptionConfigOutput" : {
          "type" : "boolean"
        }
      }
    },
    "cleInterfaceConfig" : {
      "type" : "object",
      "properties" : {
        "CLEInterfaceConfigInParam" : {
          "type" : "array",
          "items" : {
            "$ref" : "#/definitions/CLEInterfaceConfigInParam",
            "uniqueItems" : false
          }
        },
        "CLEInterfaceConfigRes" : {
          "$ref" : "#/definitions/CLEInterfaceConfigRes"
        }
      }
    },
    "CLEInterfaceConfigInParam" : {
      "type" : "object",
      "properties" : {
        "INTERFACE_ID" : {
          "type" : "string"
        },
        "INTERFACE_TYPE" : {
          "type" : "string"
        },
        "INTERFACE_DOMAIN" : {
          "type" : "string"
        }
      }
    }
  }
}