{
  "swagger" : "2.0",
  "info" : {
    "version" : "1.0",
    "title" : "Summary about the new REST service.",
    "description" : "Summary about the new REST service."
  },
  "host" : "localhost:8080",
  "basePath" : "/",
  "schemes" : [ "http" ],
  "paths" : {
    "/exceptionconfigservice" : {
      "post" : {
        "description" : "",
        "operationId" : "post-exceptionconfigservice",
        "consumes" : [ "application/json" ],
        "produces" : [ "application/json" ],
        "parameters" : [ {
          "name" : "body",
          "in" : "body",
          "description" : "",
          "schema" : {
            "$ref" : "#/definitions/cleExceptionConfigInParam"
          },
          "required" : true
        } ],
        "responses" : {
          "200" : {
            "description" : "a cleExceptionConfigInParam to be returned",
            "schema" : {
              "$ref" : "#/definitions/cleExceptionConfigInParam"
            }
          },
          "400" : {
            "description" : "Bad Request"
          }
        }
      },
      "get" : {
        "description" : "",
        "operationId" : "get-exceptionconfigservice",
        "consumes" : [ "application/json" ],
        "produces" : [ "application/json" ],
        "parameters" : [ {
          "name" : "interfaceId",
          "in" : "query",
          "description" : "",
          "type" : "string",
          "required" : false
        } ],
        "responses" : {
          "200" : {
            "description" : "a cleExceptionConfigInParam to be returned",
            "schema" : {
              "$ref" : "#/definitions/cleExceptionConfigInParam"
            }
          },
          "400" : {
            "description" : "Bad Request"
          }
        }
      },
      "put" : {
        "description" : "",
        "operationId" : "put-exceptionconfigservice",
        "consumes" : [ "application/json" ],
        "produces" : [ "application/json" ],
        "parameters" : [ {
          "name" : "body",
          "in" : "body",
          "description" : "",
          "schema" : {
            "$ref" : "#/definitions/cleExceptionConfigInParam"
          },
          "required" : true
        } ],
        "responses" : {
          "200" : {
            "description" : "a string to be returned",
            "schema" : {
              "type" : "string"
            }
          },
          "400" : {
            "description" : "Bad Request"
          }
        }
      }
    }
  },
  "definitions" : {
    "cleExceptionError" : {
      "type" : "object",
      "properties" : {
        "EXCEPTION_CODE" : {
          "type" : "string"
        },
        "EXCEPTION_DESC" : {
          "type" : "string"
        },
        "EXCEPTION_CATEGORY" : {
          "type" : "string"
        }
      }
    },
    "cleExceptionConfigInParam" : {
      "type" : "object",
      "required" : [ "cleExceptionError" ],
      "properties" : {
        "INTERFACE_ID" : {
          "type" : "string"
        },
        "cleExceptionError" : {
          "type" : "array",
          "items" : {
            "$ref" : "#/definitions/cleExceptionError",
            "uniqueItems" : false
          }
        }
      }
    }
  }
}