{"records": [
    {
        "jsonSchemaLocation": "/Tibco.Ooredoo.CLEServer/Service Descriptors/tibco.ooredoo.cleuihandler.implementation.CLEUIHandler_REST-CLEUIHandler_REST.json",
        "conversionType": "linked",
        "xsdSchemaTargetNamespace": "http://cle.com/common/xsd/v1_0_0_0/CLEInterfaceConfig"
    },
    {
        "jsonSchemaLocation": "/Tibco.Ooredoo.CLEServer/Service Descriptors/tibco.ooredoo.cleuihandler.implementation.CLEUIHandler_REST-CLEUIHandler_REST.json",
        "conversionType": "linked",
        "xsdSchemaTargetNamespace": "http://cle.com/common/xsd/v1_0_0_0/CLEUIHandlerService"
    },
    {
        "jsonSchemaLocation": "/Tibco.Ooredoo.CLEServer/Service Descriptors/tibco.ooredoo.cleuihandler.implementation.CLEUIHandler_REST-CLEUIHandler_REST.json",
        "conversionType": "linked",
        "xsdSchemaTargetNamespace": "http://cle.com/common/xsd/v1_0_0_0/CLEExceptionConfig"
    },
    {
        "jsonSchemaLocation": "/Tibco.CLE.UI/Service Descriptors/tibco.cle.uihandler.implementation.LogHandlerService-LogHandlerService.json",
        "conversionType": "linked",
        "xsdSchemaTargetNamespace": "http://cle.com/common/xsd/v1_0_0_0/CLEUIHandlerService"
    },
    {
        "jsonSchemaLocation": "/Tibco.CLE.UI/Service Descriptors/tibco.cle.uihandler.implementation.ExceptionConfigService-ExceptionConfigService.json",
        "conversionType": "linked",
        "xsdSchemaTargetNamespace": "http://cle.com/common/xsd/v1_0_0_0/CLEExceptionConfig"
    },
    {
        "jsonSchemaLocation": "/Tibco.CLE.UI/Service Descriptors/tibco.cle.uihandler.implementation.InterfaceConfigService-InterfaceConfigService.json",
        "conversionType": "linked",
        "xsdSchemaTargetNamespace": "http://cle.com/common/xsd/v1_0_0_0/CLEInterfaceConfig"
    }
]}