{
  "swagger" : "2.0",
  "info" : {
    "version" : "1.0",
    "title" : "Summary about the new REST service.",
    "description" : "Summary about the new REST service."
  },
  "host" : "localhost:8080",
  "basePath" : "/",
  "schemes" : [ "http" ],
  "paths" : {
    "/interfaceconfigservice" : {
      "post" : {
        "description" : "",
        "operationId" : "post-interfaceconfigservice",
        "consumes" : [ "application/json" ],
        "produces" : [ "application/json" ],
        "parameters" : [ {
          "name" : "body",
          "in" : "body",
          "description" : "",
          "schema" : {
            "$ref" : "#/definitions/cleInterfaceConfigInParam"
          },
          "required" : true
        } ],
        "responses" : {
          "200" : {
            "description" : "a cleInterfaceConfigInParam to be returned",
            "schema" : {
              "$ref" : "#/definitions/cleInterfaceConfigInParam"
            }
          },
          "400" : {
            "description" : "Bad Request"
          }
        }
      },
      "get" : {
        "description" : "",
        "operationId" : "get-interfaceconfigservice",
        "consumes" : [ "application/json" ],
        "produces" : [ "application/json" ],
        "parameters" : [ ],
        "responses" : {
          "200" : {
            "description" : "a cleInterfaceConfigInParam to be returned",
            "schema" : {
              "type" : "array",
              "items" : {
                "$ref" : "#/definitions/cleInterfaceConfigInParam",
                "uniqueItems" : false
              }
            }
          },
          "400" : {
            "description" : "Bad Request"
          }
        }
      }
    }
  },
  "definitions" : {
    "cleInterfaceConfigInParam" : {
      "type" : "object",
      "properties" : {
        "INTERFACE_ID" : {
          "type" : "string"
        },
        "INTERFACE_TYPE" : {
          "type" : "string"
        },
        "INTERFACE_DOMAIN" : {
          "type" : "string"
        }
      }
    }
  }
}