{
  "swagger" : "2.0",
  "info" : {
    "version" : "1.0",
    "title" : "Summary about the new REST service.",
    "description" : "Summary about the new REST service."
  },
  "host" : "localhost:8080",
  "basePath" : "/",
  "schemes" : [ "http" ],
  "paths" : {
    "/errorhandlerservice" : {
      "get" : {
        "description" : "",
        "operationId" : "get-errorhandlerservice",
        "consumes" : [ "application/json" ],
        "produces" : [ "application/json" ],
        "parameters" : [ {
          "name" : "ErrorTimeStampFrom",
          "in" : "query",
          "description" : "",
          "type" : "string",
          "required" : false
        }, {
          "name" : "ErrorTimeStampTo",
          "in" : "query",
          "description" : "",
          "type" : "string",
          "required" : false
        }, {
          "name" : "Page",
          "in" : "query",
          "description" : "",
          "type" : "integer",
          "format" : "int32",
          "required" : false
        }, {
          "name" : "InterfaceId",
          "in" : "query",
          "description" : "",
          "type" : "string",
          "required" : false
        }, {
          "name" : "AllPages",
          "in" : "query",
          "description" : "",
          "type" : "boolean",
          "required" : false
        }, {
          "name" : "TransactionID",
          "in" : "query",
          "description" : "",
          "type" : "string",
          "required" : false
        } ],
        "responses" : {
          "200" : {
            "description" : "a CLEUIErrorMsgCollection to be returned",
            "schema" : {
              "$ref" : "#/definitions/CLEUIErrorMsgCollection"
            }
          },
          "400" : {
            "description" : "Bad Request"
          }
        }
      }
    }
  },
  "definitions" : {
    "ExceptionDetail" : {
      "type" : "object",
      "properties" : {
        "ExceptionInstanceID" : {
          "type" : "string"
        },
        "ExceptionCode" : {
          "type" : "string"
        },
        "Category" : {
          "type" : "string"
        },
        "Type" : {
          "type" : "string"
        },
        "Severity" : {
          "type" : "string"
        },
        "Timeout" : {
          "type" : "string"
        },
        "ReplyDestination" : {
          "type" : "string"
        },
        "NotificationChannel" : {
          "type" : "string"
        },
        "ResolutionDescription" : {
          "type" : "string"
        },
        "Status" : {
          "type" : "string"
        },
        "TransactionDataAfterResolve" : {
          "type" : "string"
        },
        "Custom" : {
          "type" : "string"
        },
        "ResolveDelayTime" : {
          "type" : "string"
        },
        "EventType" : {
          "type" : "string"
        },
        "Stacktrace" : {
          "type" : "string"
        },
        "Description" : {
          "type" : "string"
        },
        "ProcessStack" : {
          "type" : "string"
        },
        "ProcessName" : {
          "type" : "string"
        },
        "ActivityName" : {
          "type" : "string"
        },
        "OperationName" : {
          "type" : "string"
        },
        "Payload" : {
          "type" : "string"
        },
        "BusinessKeys" : {
          "type" : "array",
          "items" : {
            "$ref" : "#/definitions/BusinessKeys",
            "uniqueItems" : false
          }
        },
        "TransactionID" : {
          "type" : "array",
          "items" : {
            "type" : "string",
            "uniqueItems" : false
          }
        },
        "ApplicationID" : {
          "type" : "array",
          "items" : {
            "type" : "string",
            "uniqueItems" : false
          }
        }
      }
    },
    "ErrorMsgRequest" : {
      "type" : "object",
      "required" : [ "ExceptionDetail", "Header" ],
      "properties" : {
        "Header" : {
          "$ref" : "#/definitions/Header"
        },
        "ExceptionDetail" : {
          "$ref" : "#/definitions/ExceptionDetail"
        }
      }
    },
    "Header" : {
      "type" : "object",
      "properties" : {
        "ApplicationID" : {
          "type" : "string"
        },
        "ComponentName" : {
          "type" : "string"
        },
        "Hostname" : {
          "type" : "string"
        },
        "Timestamp" : {
          "type" : "string"
        },
        "TransactionDomain" : {
          "type" : "string"
        },
        "TransactionType" : {
          "type" : "string"
        },
        "TransactionID" : {
          "type" : "string"
        },
        "CorrelationID" : {
          "type" : "string"
        },
        "InterfaceID" : {
          "type" : "string"
        },
        "Filename" : {
          "type" : "string"
        },
        "Message" : {
          "type" : "string"
        },
        "RenderID" : {
          "type" : "string"
        },
        "DataEncoding" : {
          "type" : "string"
        },
        "Transaction" : {
          "type" : "string"
        }
      }
    },
    "CLEUIErrorMsgCollection" : {
      "type" : "object",
      "properties" : {
        "ErrorMsgRequest" : {
          "type" : "array",
          "items" : {
            "$ref" : "#/definitions/ErrorMsgRequest",
            "uniqueItems" : false
          }
        },
        "NoOfPages" : {
          "type" : "integer"
        }
      }
    },
    "BusinessKeys" : {
      "type" : "object",
      "properties" : {
        "Name" : {
          "type" : "string"
        },
        "Value" : {
          "type" : "string"
        }
      }
    }
  }
}