[
  {
    "state": "Running",
    "version": "1.0",
    "description": "",
    "appSpaceName": "LookupAppSpace",
    "domainName": "TIB_DEV",
    "deploymentStatus": "Deployed",
    "profileName": "dev.substvar",
    "deploymentStatusDetail": [],
    "components": [
      {
        "references": [],
        "services": [
          "RetrieveMessageTemplate"
        ],
        "moduleName": "Tibco.Ooredoo.Common",
        "processName": "tibco.ooredoo.Common.RetrieveMessageTemplate.RetrieveMessageTemplate_RR_Soap",
        "name": "ComponentRetrieveMessageTemplate_RR_Soap"
      },
      {
        "references": [],
        "services": [
          "RetrieveNextBestOfferDetails"
        ],
        "moduleName": "Tibco.Ooredoo.Common",
        "processName": "tibco.ooredoo.Common.retrievenextbestofferdetails.RetrieveNextBestOfferDetails_RR_Soap",
        "name": "ComponentRetrieveNextBestOfferDetails_RR_Soap"
      },
      {
        "references": [],
        "services": [],
        "moduleName": "Tibco.Ooredoo.Common",
        "processName": "tibco.ooredoo.Common.RetrieveAllLookUpValues.Activator",
        "name": "ComponentActivator"
      },
      {
        "references": [],
        "services": [
          "RetrieveAlllookupValues"
        ],
        "moduleName": "Tibco.Ooredoo.Common",
        "processName": "tibco.ooredoo.Common.RetrieveAllLookUpValues.RetrieveLookUp_RR_Soap",
        "name": "ComponentRetrieveLookUp_RR_Soap"
      },
      {
        "references": [],
        "services": [
          "ProductLookupServices_v1_0_0_0"
        ],
        "moduleName": "Tibco.Ooredoo.Common",
        "processName": "tibco.ooredoo.Common.ProductLookupService.ProductLookupServices_RR_Soap",
        "name": "ComponentProductLookupServices_RR_Soap"
      },
      {
        "references": [],
        "services": [
          "GenericLookupService"
        ],
        "moduleName": "Tibco.Ooredoo.Common",
        "processName": "tibco.ooredoo.Common.GenericLookupServices.GenericLookupService_RR_Soap",
        "name": "ComponentGenericLookupService_RR_Soap"
      },
      {
        "references": [],
        "services": [
          "UserManagementService"
        ],
        "moduleName": "Tibco.Ooredoo.Common",
        "processName": "tibco.ooredoo.Common.UserManagementServices.UserManagementService_RR_Soap",
        "name": "ComponentUserManagementService_RR_Soap"
      },
      {
        "references": [],
        "services": [
          "CustomerLookupServices_v1_0_0_0"
        ],
        "moduleName": "Tibco.Ooredoo.Common",
        "processName": "tibco.ooredoo.Common.CustomerLookupServices.CustomerLookupServices_RR_Soap",
        "name": "ComponentCustomerLookupServices_RR_Soap"
      },
      {
        "references": [],
        "services": [
          "LogManagementServices_RR_Soap"
        ],
        "moduleName": "Tibco.Ooredoo.Common",
        "processName": "tibco.ooredoo.Common.LogManagementServices.LogManagementServices_RR_Soap",
        "name": "ComponentLogManagementServices_RR_Soap"
      }
    ],
    "instances": [
      {
        "state": "Running",
        "configState": "InSync",
        "configuration": [],
        "deploymentStatus": "Deployed",
        "profileName": null,
        "deploymentStatusDetail": null,
        "appNodeName": "LookupAppNode",
        "docURL": null,
        "endpoints": [
          {
            "type": "SOAP",
            "url": "http://10.125.2.201:2404/RetrieveAllLookUpHTTPBinding/RetrieveAllLookupValuesService_v1_0_0_0/",
            "reverseProxyUrl": null,
            "name": "ComponentRetrieveLookUp_RR_Soap/RetrieveAlllookupValues",
            "properties": {
              "SOAP Version": "1.1",
              "Style": "DOCUMENT",
              "Encoding": "LITERAL"
            }
          },
          {
            "type": "SOAP",
            "url": "http://10.125.2.201:2408/SvcImpl/telecom/common/v1_0_0_0/SOAPEndpoint/ProductLookupServices/OpEndpointHTTP/",
            "reverseProxyUrl": null,
            "name": "ComponentProductLookupServices_RR_Soap/ProductLookupServices_v1_0_0_0",
            "properties": {
              "SOAP Version": "1.1",
              "Style": "DOCUMENT",
              "Encoding": "LITERAL"
            }
          },
          {
            "type": "SOAP",
            "url": "http://10.125.2.201:2406/SvcImpl/telecom/common/v1_0_0_0/SOAPEndpoint/UserManagementService/OpEndpointHTTP/",
            "reverseProxyUrl": null,
            "name": "ComponentUserManagementService_RR_Soap/UserManagementService",
            "properties": {
              "SOAP Version": "1.1",
              "Style": "DOCUMENT",
              "Encoding": "LITERAL"
            }
          },
          {
            "type": "SOAP",
            "url": "http://10.125.2.201:2407/SOAPServiceBinding/retrieveMessageTemplate/",
            "reverseProxyUrl": null,
            "name": "ComponentRetrieveMessageTemplate_RR_Soap/RetrieveMessageTemplate",
            "properties": {
              "SOAP Version": "1.1",
              "Style": "DOCUMENT",
              "Encoding": "LITERAL"
            }
          },
          {
            "type": "SOAP",
            "url": "http://10.125.2.201:2403/CustomerLookupServices/customerLookupServices_v1_0_0_0/",
            "reverseProxyUrl": null,
            "name": "ComponentCustomerLookupServices_RR_Soap/CustomerLookupServices_v1_0_0_0",
            "properties": {
              "SOAP Version": "1.1",
              "Style": "DOCUMENT",
              "Encoding": "LITERAL"
            }
          },
          {
            "type": "SOAP",
            "url": "http://10.125.2.201:2409/SvcImpl/telecom/common/v1_0_0_0/SOAPEndpoint/LogManagement/OpEndpointHTTP/",
            "reverseProxyUrl": null,
            "name": "ComponentLogManagementServices_RR_Soap/LogManagementServices_RR_Soap",
            "properties": {
              "SOAP Version": "1.1",
              "Style": "DOCUMENT",
              "Encoding": "LITERAL"
            }
          },
          {
            "type": "SOAP",
            "url": "http://10.125.2.201:2401/SvcImpl/telecom/common/v1_0_0_0/SOAPEndpoint/GenericLookupService/OpEndpointHTTP/",
            "reverseProxyUrl": null,
            "name": "ComponentGenericLookupService_RR_Soap/GenericLookupService",
            "properties": {
              "SOAP Version": "1.1",
              "Style": "DOCUMENT",
              "Encoding": "LITERAL"
            }
          },
          {
            "type": "SOAP",
            "url": "http://10.125.2.201:2402/SvcImpl/telecom/common/v1_0_0_0/SOAPEndpoint/RetrieveNextBestOfferDetails/OpEndpointHTTP/",
            "reverseProxyUrl": null,
            "name": "ComponentRetrieveNextBestOfferDetails_RR_Soap/RetrieveNextBestOfferDetails",
            "properties": {
              "SOAP Version": "1.1",
              "Style": "DOCUMENT",
              "Encoding": "LITERAL"
            }
          }
        ],
        "profileContentRef": {
          "href": "http://10.125.2.201:8079/bw/v1/domains/TIB_DEV/appspaces/LookupAppSpace/applications/Tibco.Ooredoo.Common.application/1.0/config/content?appnode=LookupAppNode"
        },
        "stateDetail": null
      }
    ],
    "docURL": null,
    "revision": 0,
    "archiveRef": {
      "href": "http://10.125.2.201:8079/bw/v1/domains/TIB_DEV/archives/Tibco.Ooredoo.Common.application_1.0.0.ear"
    },
    "archiveName": "Tibco.Ooredoo.Common.application_1.0.0.ear",
    "archivePath": "",
    "profileContentRef": {
      "href": "http://10.125.2.201:8079/bw/v1/domains/TIB_DEV/appspaces/LookupAppSpace/applications/Tibco.Ooredoo.Common.application/1.0/config/content"
    },
    "ref": {
      "href": "http://10.125.2.201:8079/bw/v1/domains/TIB_DEV/appspaces/LookupAppSpace/applications/Tibco.Ooredoo.Common.application/1.0"
    },
    "name": "Tibco.Ooredoo.Common.application"
  }
]