<?xml version="1.0" encoding="UTF-8" standalone="no"?>
<installcomponents>
    <assemblyProperties description="eclipse_lgpl" installLocation="${tibco.home}"/>
    <installcomponent buildType="formal" currenttimestamp="12-17-2014-01-48-AM" prefix="product_tibco" sizeinbytes="4673982" uid="eclipse_lgpl" version="4.4.1.001">
        <file loc="plugins/org.eclipse.swt.gtk.linux.x86_64.source_3.103.1.v20140903-1947.jar" md5sum="f422e044572427555c8ef7f6a03a82d2" perm="664" sizeinbytes="2069043" timestamp="1418807854000"/>
        <file loc="plugins/org.eclipse.swt.gtk.linux.x86_64_3.103.1.v20140903-1947.jar" md5sum="c14ca50046caf7322e78b73081133df2" perm="664" sizeinbytes="2596747" timestamp="1418807854000"/>
    </installcomponent>
    <directorylist>
        <dir loc="plugins" perm="664" sizeinbytes="4669886"/>
    </directorylist>
</installcomponents>
