{
  "LogMsgRequest": [
    {
      "LogMsgHeader": {
        "InterfaceId": "CLE123_CLEFramework",
        "SenderSystemName": "D:\\send.txt",
        "TargetSystemName": "D:\\FileTransfered",
        "TransactionType": "Payment",
        "TransactionDomain": "OTC"
      },
      "LogMsgDescription": {
        "LogMsgCode": "File processing is started",
        "LogLevel": "INFO",
        "GeneralLogMsg": "File Poller activity picked the file successfully...",
        "Status": "Entry",
        "Category": "INFO",
        "TransactionID": "1233",
        "ProcessInstanceID": "bw0a100",
        "LogCorrelationID": "123",
        "LogTimeStamp": "2016-12-22T12:11:59+05:30",
        "Payload": "",
        "BusinessKeys": "ss"
      }
    },
    {
      "LogMsgHeader": {
        "InterfaceId": "CLE123_CLEFramework",
        "SenderSystemName": "D:\\send.txt",
        "TargetSystemName": "D:\\FileTransfered",
        "TransactionType": "Payment",
        "TransactionDomain": "OTC"
      },
      "LogMsgDescription": {
        "LogMsgCode": "File processing is started",
        "LogLevel": "INFO",
        "GeneralLogMsg": "File is successfully written to destination directory and DB Queried...\"",
        "Status": "Exit",
        "Category": "",
        "TransactionID": "1233",
        "ProcessInstanceID": "bw0a100",
        "LogCorrelationID": "123",
        "LogTimeStamp": "2016-12-22T12:11:59+05:30",
        "Payload": "",
        "BusinessKeys": "ss"
      }
    },
    {
      "LogMsgHeader": {
        "InterfaceId": "CLE123_CLEFramework",
        "SenderSystemName": "D:\\send.txt",
        "TargetSystemName": "D:\\FileTransfered",
        "TransactionType": "Payment",
        "TransactionDomain": "OTC"
      },
      "LogMsgDescription": {
        "LogMsgCode": "File processing is started",
        "LogLevel": "INFO",
        "GeneralLogMsg": "File Poller activity picked the file successfully...",
        "Status": "Entry",
        "Category": "INFO",
        "TransactionID": "1233",
        "ProcessInstanceID": "bw0a102",
        "LogCorrelationID": "123",
        "LogTimeStamp": "2016-12-22T12:12:00+05:30",
        "Payload": "",
        "BusinessKeys": "ss"
      }
    },
    {
      "LogMsgHeader": {
        "InterfaceId": "CLE123_CLEFramework",
        "SenderSystemName": "D:\\send.txt",
        "TargetSystemName": "D:\\FileTransfered",
        "TransactionType": "Payment",
        "TransactionDomain": "OTC"
      },
      "LogMsgDescription": {
        "LogMsgCode": "File processing is started",
        "LogLevel": "INFO",
        "GeneralLogMsg": "File Poller activity picked the file successfully...",
        "Status": "Entry",
        "Category": "INFO",
        "TransactionID": "1233",
        "ProcessInstanceID": "bw0a100",
        "LogCorrelationID": "123",
        "LogTimeStamp": "2016-12-22T12:16:57+05:30",
        "Payload": "",
        "BusinessKeys": "ss"
      }
    },
    {
      "LogMsgHeader": {
        "InterfaceId": "CLE123_CLEFramework",
        "SenderSystemName": "D:\\send.txt",
        "TargetSystemName": "D:\\FileTransfered",
        "TransactionType": "Payment",
        "TransactionDomain": "OTC"
      },
      "LogMsgDescription": {
        "LogMsgCode": "File processing is started",
        "LogLevel": "INFO",
        "GeneralLogMsg": "File is successfully written to destination directory and DB Queried...\"",
        "Status": "Exit",
        "Category": "",
        "TransactionID": "1233",
        "ProcessInstanceID": "bw0a100",
        "LogCorrelationID": "123",
        "LogTimeStamp": "2016-12-22T12:16:57+05:30",
        "Payload": "",
        "BusinessKeys": "ss"
      }
    },
    {
      "LogMsgHeader": {
        "InterfaceId": "CLE123_CLEFramework",
        "SenderSystemName": "D:\\send.txt",
        "TargetSystemName": "D:\\FileTransfered",
        "TransactionType": "Payment",
        "TransactionDomain": "OTC"
      },
      "LogMsgDescription": {
        "LogMsgCode": "File processing is started",
        "LogLevel": "INFO",
        "GeneralLogMsg": "File Poller activity picked the file successfully...",
        "Status": "Entry",
        "Category": "INFO",
        "TransactionID": "1233",
        "ProcessInstanceID": "bw0a104",
        "LogCorrelationID": "123",
        "LogTimeStamp": "2016-12-22T12:16:58+05:30",
        "Payload": "",
        "BusinessKeys": "ss"
      }
    },
    {
      "LogMsgHeader": {
        "InterfaceId": "CLE123_CLEFramework",
        "SenderSystemName": "D:\\send.txt",
        "TargetSystemName": "D:\\FileTransfered",
        "TransactionType": "Payment",
        "TransactionDomain": "OTC"
      },
      "LogMsgDescription": {
        "LogMsgCode": "File processing is started",
        "LogLevel": "INFO",
        "GeneralLogMsg": "File Poller activity picked the file successfully...",
        "Status": "Entry",
        "Category": "INFO",
        "TransactionID": "1233",
        "ProcessInstanceID": "bw0a100",
        "LogCorrelationID": "123",
        "LogTimeStamp": "2016-12-22T12:24:58+05:30",
        "Payload": "",
        "BusinessKeys": "ss"
      }
    },
    {
      "LogMsgHeader": {
        "InterfaceId": "CLE123_CLEFramework",
        "SenderSystemName": "D:\\send.txt",
        "TargetSystemName": "D:\\FileTransfered",
        "TransactionType": "Payment",
        "TransactionDomain": "OTC"
      },
      "LogMsgDescription": {
        "LogMsgCode": "File processing is started",
        "LogLevel": "INFO",
        "GeneralLogMsg": "File Poller activity picked the file successfully...",
        "Status": "Entry",
        "Category": "INFO",
        "TransactionID": "1233",
        "ProcessInstanceID": "bw0a102",
        "LogCorrelationID": "123",
        "LogTimeStamp": "2016-12-22T12:24:59+05:30",
        "Payload": "",
        "BusinessKeys": "ss"
      }
    },
    {
      "LogMsgHeader": {
        "InterfaceId": "CLE123_CLEFramework",
        "SenderSystemName": "D:\\send.txt",
        "TargetSystemName": "D:\\FileTransfered",
        "TransactionType": "Payment",
        "TransactionDomain": "OTC"
      },
      "LogMsgDescription": {
        "LogMsgCode": "File processing is started",
        "LogLevel": "INFO",
        "GeneralLogMsg": "File Poller activity picked the file successfully...",
        "Status": "Entry",
        "Category": "INFO",
        "TransactionID": "1233",
        "ProcessInstanceID": "bw0a100",
        "LogCorrelationID": "123",
        "LogTimeStamp": "2016-12-22T12:32:19+05:30",
        "Payload": "",
        "BusinessKeys": "ss"
      }
    },
    {
      "LogMsgHeader": {
        "InterfaceId": "CLE123_CLEFramework",
        "SenderSystemName": "D:\\send.txt",
        "TargetSystemName": "D:\\FileTransfered",
        "TransactionType": "Payment",
        "TransactionDomain": "OTC"
      },
      "LogMsgDescription": {
        "LogMsgCode": "File processing is started",
        "LogLevel": "INFO",
        "GeneralLogMsg": "File Poller activity picked the file successfully...",
        "Status": "Entry",
        "Category": "INFO",
        "TransactionID": "1233",
        "ProcessInstanceID": "bw0a102",
        "LogCorrelationID": "123",
        "LogTimeStamp": "2016-12-22T12:32:21+05:30",
        "Payload": "",
        "BusinessKeys": "ss"
      }
    },
    {
      "LogMsgHeader": {
        "InterfaceId": "CLE123_CLEFramework",
        "SenderSystemName": "D:\\send.txt",
        "TargetSystemName": "D:\\FileTransfered",
        "TransactionType": "Payment",
        "TransactionDomain": "OTC"
      },
      "LogMsgDescription": {
        "LogMsgCode": "File processing is started",
        "LogLevel": "INFO",
        "GeneralLogMsg": "File Poller activity picked the file successfully...",
        "Status": "Entry",
        "Category": "INFO",
        "TransactionID": "1233",
        "ProcessInstanceID": "bw0a100",
        "LogCorrelationID": "123",
        "LogTimeStamp": "2016-12-22T12:35:47+05:30",
        "Payload": "",
        "BusinessKeys": "ss"
      }
    },
    {
      "LogMsgHeader": {
        "InterfaceId": "CLE123_CLEFramework",
        "SenderSystemName": "D:\\send.txt",
        "TargetSystemName": "D:\\FileTransfered",
        "TransactionType": "Payment",
        "TransactionDomain": "OTC"
      },
      "LogMsgDescription": {
        "LogMsgCode": "File processing is started",
        "LogLevel": "INFO",
        "GeneralLogMsg": "File Poller activity picked the file successfully...",
        "Status": "Entry",
        "Category": "INFO",
        "TransactionID": "1233",
        "ProcessInstanceID": "bw0a104",
        "LogCorrelationID": "123",
        "LogTimeStamp": "2016-12-22T12:35:48+05:30",
        "Payload": "",
        "BusinessKeys": "ss"
      }
    },
    {
      "LogMsgHeader": {
        "InterfaceId": "CLE123_CLEFramework",
        "SenderSystemName": "D:\\send.txt",
        "TargetSystemName": "D:\\FileTransfered",
        "TransactionType": "Payment",
        "TransactionDomain": "OTC"
      },
      "LogMsgDescription": {
        "LogMsgCode": "File processing is started",
        "LogLevel": "INFO",
        "GeneralLogMsg": "File Poller activity picked the file successfully...",
        "Status": "Entry",
        "Category": "INFO",
        "TransactionID": "1233",
        "ProcessInstanceID": "bw0a100",
        "LogCorrelationID": "123",
        "LogTimeStamp": "2016-12-22T14:47:32+05:30",
        "Payload": "",
        "BusinessKeys": "ss"
      }
    },
    {
      "LogMsgHeader": {
        "InterfaceId": "CLE123_CLEFramework",
        "SenderSystemName": "D:\\send.txt",
        "TargetSystemName": "D:\\FileTransfered",
        "TransactionType": "Payment",
        "TransactionDomain": "OTC"
      },
      "LogMsgDescription": {
        "LogMsgCode": "File processing is started",
        "LogLevel": "INFO",
        "GeneralLogMsg": "File Poller activity picked the file successfully...",
        "Status": "Entry",
        "Category": "INFO",
        "TransactionID": "1233",
        "ProcessInstanceID": "bw0a102",
        "LogCorrelationID": "123",
        "LogTimeStamp": "2016-12-22T14:47:33+05:30",
        "Payload": "",
        "BusinessKeys": "ss"
      }
    },
    {
      "LogMsgHeader": {
        "InterfaceId": "CLE123_CLEFramework",
        "SenderSystemName": "D:\\send.txt",
        "TargetSystemName": "D:\\FileTransfered",
        "TransactionType": "Payment",
        "TransactionDomain": "OTC"
      },
      "LogMsgDescription": {
        "LogMsgCode": "File processing is started",
        "LogLevel": "INFO",
        "GeneralLogMsg": "File Poller activity picked the file successfully...",
        "Status": "Entry",
        "Category": "INFO",
        "TransactionID": "1233",
        "ProcessInstanceID": "bw0a100",
        "LogCorrelationID": "123",
        "LogTimeStamp": "2016-12-22T14:55:21+05:30",
        "Payload": "",
        "BusinessKeys": "ss"
      }
    },
    {
      "LogMsgHeader": {
        "InterfaceId": "CLE123_CLEFramework",
        "SenderSystemName": "D:\\send.txt",
        "TargetSystemName": "D:\\FileTransfered",
        "TransactionType": "Payment",
        "TransactionDomain": "OTC"
      },
      "LogMsgDescription": {
        "LogMsgCode": "File processing is started",
        "LogLevel": "INFO",
        "GeneralLogMsg": "File Poller activity picked the file successfully...",
        "Status": "Entry",
        "Category": "INFO",
        "TransactionID": "1233",
        "ProcessInstanceID": "bw0a104",
        "LogCorrelationID": "123",
        "LogTimeStamp": "2016-12-22T14:55:23+05:30",
        "Payload": "",
        "BusinessKeys": "ss"
      }
    },
    {
      "LogMsgHeader": {
        "InterfaceId": "CLE123_CLEFramework",
        "SenderSystemName": "D:\\send.txt",
        "TargetSystemName": "D:\\FileTransfered",
        "TransactionType": "Payment",
        "TransactionDomain": "OTC"
      },
      "LogMsgDescription": {
        "LogMsgCode": "File processing is started",
        "LogLevel": "INFO",
        "GeneralLogMsg": "File Poller activity picked the file successfully...",
        "Status": "Entry",
        "Category": "INFO",
        "TransactionID": "1233",
        "ProcessInstanceID": "bw0a100",
        "LogCorrelationID": "123",
        "LogTimeStamp": "2016-12-22T14:58:42+05:30",
        "Payload": "",
        "BusinessKeys": "ss"
      }
    },
    {
      "LogMsgHeader": {
        "InterfaceId": "CLE123_CLEFramework",
        "SenderSystemName": "D:\\send.txt",
        "TargetSystemName": "D:\\FileTransfered",
        "TransactionType": "Payment",
        "TransactionDomain": "OTC"
      },
      "LogMsgDescription": {
        "LogMsgCode": "File processing is started",
        "LogLevel": "INFO",
        "GeneralLogMsg": "File Poller activity picked the file successfully...",
        "Status": "Entry",
        "Category": "INFO",
        "TransactionID": "1233",
        "ProcessInstanceID": "bw0a104",
        "LogCorrelationID": "123",
        "LogTimeStamp": "2016-12-22T14:58:44+05:30",
        "Payload": "",
        "BusinessKeys": "ss"
      }
    },
    {
      "LogMsgHeader": {
        "InterfaceId": "CLE123_CLEFramework",
        "SenderSystemName": "D:\\send.txt",
        "TargetSystemName": "D:\\FileTransfered",
        "TransactionType": "Payment",
        "TransactionDomain": "OTC"
      },
      "LogMsgDescription": {
        "LogMsgCode": "File processing is started",
        "LogLevel": "INFO",
        "GeneralLogMsg": "File Poller activity picked the file successfully...",
        "Status": "Entry",
        "Category": "INFO",
        "TransactionID": "1233",
        "ProcessInstanceID": "bw0a100",
        "LogCorrelationID": "123",
        "LogTimeStamp": "2016-12-22T15:01:18+05:30",
        "Payload": "",
        "BusinessKeys": "ss"
      }
    },
    {
      "LogMsgHeader": {
        "InterfaceId": "CLE123_CLEFramework",
        "SenderSystemName": "D:\\send.txt",
        "TargetSystemName": "D:\\FileTransfered",
        "TransactionType": "Payment",
        "TransactionDomain": "OTC"
      },
      "LogMsgDescription": {
        "LogMsgCode": "File processing is started",
        "LogLevel": "INFO",
        "GeneralLogMsg": "File Poller activity picked the file successfully...",
        "Status": "Entry",
        "Category": "INFO",
        "TransactionID": "1233",
        "ProcessInstanceID": "bw0a104",
        "LogCorrelationID": "123",
        "LogTimeStamp": "2016-12-22T15:01:18+05:30",
        "Payload": "",
        "BusinessKeys": "ss"
      }
    },
    {
      "LogMsgHeader": {
        "InterfaceId": "CLE123_CLEFramework",
        "SenderSystemName": "D:\\send.txt",
        "TargetSystemName": "D:\\FileTransfered",
        "TransactionType": "Payment",
        "TransactionDomain": "OTC"
      },
      "LogMsgDescription": {
        "LogMsgCode": "File processing is started",
        "LogLevel": "INFO",
        "GeneralLogMsg": "File Poller activity picked the file successfully...",
        "Status": "Entry",
        "Category": "INFO",
        "TransactionID": "1233",
        "ProcessInstanceID": "bw0a100",
        "LogCorrelationID": "123",
        "LogTimeStamp": "2016-12-22T15:14:29+05:30",
        "Payload": "",
        "BusinessKeys": "ss"
      }
    },
    {
      "LogMsgHeader": {
        "InterfaceId": "CLE123_CLEFramework",
        "SenderSystemName": "D:\\send.txt",
        "TargetSystemName": "D:\\FileTransfered",
        "TransactionType": "Payment",
        "TransactionDomain": "OTC"
      },
      "LogMsgDescription": {
        "LogMsgCode": "File processing is started",
        "LogLevel": "INFO",
        "GeneralLogMsg": "File Poller activity picked the file successfully...",
        "Status": "Entry",
        "Category": "INFO",
        "TransactionID": "1233",
        "ProcessInstanceID": "bw0a104",
        "LogCorrelationID": "123",
        "LogTimeStamp": "2016-12-22T15:14:30+05:30",
        "Payload": "",
        "BusinessKeys": "ss"
      }
    },
    {
      "LogMsgHeader": {
        "InterfaceId": "CLE123_CLEFramework",
        "SenderSystemName": "D:\\send.txt",
        "TargetSystemName": "D:\\FileTransfered",
        "TransactionType": "Payment",
        "TransactionDomain": "OTC"
      },
      "LogMsgDescription": {
        "LogMsgCode": "File processing is started",
        "LogLevel": "INFO",
        "GeneralLogMsg": "File Poller activity picked the file successfully...",
        "Status": "Entry",
        "Category": "INFO",
        "TransactionID": "1233",
        "ProcessInstanceID": "bw0a100",
        "LogCorrelationID": "123",
        "LogTimeStamp": "2016-12-22T15:20:26+05:30",
        "Payload": "",
        "BusinessKeys": "ss"
      }
    },
    {
      "LogMsgHeader": {
        "InterfaceId": "CLE123_CLEFramework",
        "SenderSystemName": "D:\\send.txt",
        "TargetSystemName": "D:\\FileTransfered",
        "TransactionType": "Payment",
        "TransactionDomain": "OTC"
      },
      "LogMsgDescription": {
        "LogMsgCode": "File processing is started",
        "LogLevel": "INFO",
        "GeneralLogMsg": "File Poller activity picked the file successfully...",
        "Status": "Entry",
        "Category": "INFO",
        "TransactionID": "1233",
        "ProcessInstanceID": "bw0a104",
        "LogCorrelationID": "123",
        "LogTimeStamp": "2016-12-22T15:20:27+05:30",
        "Payload": "",
        "BusinessKeys": "ss"
      }
    },
    {
      "LogMsgHeader": {
        "InterfaceId": "CLE123_CLEFramework",
        "SenderSystemName": "D:\\send.txt",
        "TargetSystemName": "D:\\FileTransfered",
        "TransactionType": "Payment",
        "TransactionDomain": "OTC"
      },
      "LogMsgDescription": {
        "LogMsgCode": "File processing is started",
        "LogLevel": "INFO",
        "GeneralLogMsg": "File Poller activity picked the file successfully...",
        "Status": "Entry",
        "Category": "INFO",
        "TransactionID": "1233",
        "ProcessInstanceID": "bw0a100",
        "LogCorrelationID": "123",
        "LogTimeStamp": "2016-12-22T15:43:52+05:30",
        "Payload": "",
        "BusinessKeys": "ss"
      }
    },
    {
      "LogMsgHeader": {
        "InterfaceId": "CLE123_CLEFramework",
        "SenderSystemName": "D:\\send.txt",
        "TargetSystemName": "D:\\FileTransfered",
        "TransactionType": "Payment",
        "TransactionDomain": "OTC"
      },
      "LogMsgDescription": {
        "LogMsgCode": "File processing is started",
        "LogLevel": "INFO",
        "GeneralLogMsg": "File Poller activity picked the file successfully...",
        "Status": "Entry",
        "Category": "INFO",
        "TransactionID": "1233",
        "ProcessInstanceID": "bw0a104",
        "LogCorrelationID": "123",
        "LogTimeStamp": "2016-12-22T15:43:54+05:30",
        "Payload": "",
        "BusinessKeys": "ss"
      }
    },
    {
      "LogMsgHeader": {
        "InterfaceId": "CLE123_CLEFramework",
        "SenderSystemName": "D:\\send.txt",
        "TargetSystemName": "D:\\FileTransfered",
        "TransactionType": "Payment",
        "TransactionDomain": "OTC"
      },
      "LogMsgDescription": {
        "LogMsgCode": "File processing is started",
        "LogLevel": "INFO",
        "GeneralLogMsg": "File Poller activity picked the file successfully...",
        "Status": "Entry",
        "Category": "INFO",
        "TransactionID": "1233",
        "ProcessInstanceID": "bw0a100",
        "LogCorrelationID": "123",
        "LogTimeStamp": "2016-12-22T16:16:52+05:30",
        "Payload": "",
        "BusinessKeys": "ss"
      }
    },
    {
      "LogMsgHeader": {
        "InterfaceId": "CLE123_CLEFramework",
        "SenderSystemName": "D:\\send.txt",
        "TargetSystemName": "D:\\FileTransfered",
        "TransactionType": "Payment",
        "TransactionDomain": "OTC"
      },
      "LogMsgDescription": {
        "LogMsgCode": "File processing is started",
        "LogLevel": "INFO",
        "GeneralLogMsg": "File Poller activity picked the file successfully...",
        "Status": "Entry",
        "Category": "INFO",
        "TransactionID": "1233",
        "ProcessInstanceID": "bw0a104",
        "LogCorrelationID": "123",
        "LogTimeStamp": "2016-12-22T16:16:53+05:30",
        "Payload": "",
        "BusinessKeys": "ss"
      }
    },
    {
      "LogMsgHeader": {
        "InterfaceId": "CLE123_CLEFramework",
        "SenderSystemName": "D:\\send.txt",
        "TargetSystemName": "D:\\FileTransfered",
        "TransactionType": "Payment",
        "TransactionDomain": "OTC"
      },
      "LogMsgDescription": {
        "LogMsgCode": "File processing is started",
        "LogLevel": "INFO",
        "GeneralLogMsg": "File Poller activity picked the file successfully...",
        "Status": "Entry",
        "Category": "INFO",
        "TransactionID": "1233",
        "ProcessInstanceID": "bw0a100",
        "LogCorrelationID": "123",
        "LogTimeStamp": "2016-12-22T16:27:43+05:30",
        "Payload": "",
        "BusinessKeys": "ss"
      }
    },
    {
      "LogMsgHeader": {
        "InterfaceId": "CLE123_CLEFramework",
        "SenderSystemName": "D:\\send.txt",
        "TargetSystemName": "D:\\FileTransfered",
        "TransactionType": "Payment",
        "TransactionDomain": "OTC"
      },
      "LogMsgDescription": {
        "LogMsgCode": "File processing is started",
        "LogLevel": "INFO",
        "GeneralLogMsg": "File Poller activity picked the file successfully...",
        "Status": "Entry",
        "Category": "INFO",
        "TransactionID": "1233",
        "ProcessInstanceID": "bw0a104",
        "LogCorrelationID": "123",
        "LogTimeStamp": "2016-12-22T16:27:44+05:30",
        "Payload": "",
        "BusinessKeys": "ss"
      }
    },
    {
      "LogMsgHeader": {
        "InterfaceId": "CLE123_CLEFramework",
        "SenderSystemName": "D:\\send.txt",
        "TargetSystemName": "D:\\FileTransfered",
        "TransactionType": "Payment",
        "TransactionDomain": "OTC"
      },
      "LogMsgDescription": {
        "LogMsgCode": "File processing is started",
        "LogLevel": "INFO",
        "GeneralLogMsg": "File Poller activity picked the file successfully...",
        "Status": "Entry",
        "Category": "INFO",
        "TransactionID": "1233",
        "ProcessInstanceID": "bw0a100",
        "LogCorrelationID": "123",
        "LogTimeStamp": "2016-12-22T16:29:27+05:30",
        "Payload": "",
        "BusinessKeys": "ss"
      }
    },
    {
      "LogMsgHeader": {
        "InterfaceId": "CLE123_CLEFramework",
        "SenderSystemName": "D:\\send.txt",
        "TargetSystemName": "D:\\FileTransfered",
        "TransactionType": "Payment",
        "TransactionDomain": "OTC"
      },
      "LogMsgDescription": {
        "LogMsgCode": "File processing is started",
        "LogLevel": "INFO",
        "GeneralLogMsg": "File Poller activity picked the file successfully...",
        "Status": "Entry",
        "Category": "INFO",
        "TransactionID": "1233",
        "ProcessInstanceID": "bw0a104",
        "LogCorrelationID": "123",
        "LogTimeStamp": "2016-12-22T16:29:28+05:30",
        "Payload": "",
        "BusinessKeys": "ss"
      }
    },
    {
      "LogMsgHeader": {
        "InterfaceId": "CLE123_CLEFramework",
        "SenderSystemName": "D:\\send.txt",
        "TargetSystemName": "D:\\FileTransfered",
        "TransactionType": "Payment",
        "TransactionDomain": "OTC"
      },
      "LogMsgDescription": {
        "LogMsgCode": "File processing is started",
        "LogLevel": "INFO",
        "GeneralLogMsg": "File Poller activity picked the file successfully...",
        "Status": "Entry",
        "Category": "INFO",
        "TransactionID": "1233",
        "ProcessInstanceID": "bw0a100",
        "LogCorrelationID": "123",
        "LogTimeStamp": "2016-12-22T17:25:46+05:30",
        "Payload": "",
        "BusinessKeys": "ss"
      }
    },
    {
      "LogMsgHeader": {
        "InterfaceId": "CLE123_CLEFramework",
        "SenderSystemName": "D:\\send.txt",
        "TargetSystemName": "D:\\FileTransfered",
        "TransactionType": "Payment",
        "TransactionDomain": "OTC"
      },
      "LogMsgDescription": {
        "LogMsgCode": "File processing is started",
        "LogLevel": "INFO",
        "GeneralLogMsg": "File Poller activity picked the file successfully...",
        "Status": "Entry",
        "Category": "INFO",
        "TransactionID": "1233",
        "ProcessInstanceID": "bw0a105",
        "LogCorrelationID": "123",
        "LogTimeStamp": "2016-12-22T17:25:47+05:30",
        "Payload": "",
        "BusinessKeys": "ss"
      }
    },
    {
      "LogMsgHeader": {
        "InterfaceId": "CLE123_CLEFramework",
        "SenderSystemName": "D:\\send.txt",
        "TargetSystemName": "D:\\FileTransfered",
        "TransactionType": "Payment",
        "TransactionDomain": "OTC"
      },
      "LogMsgDescription": {
        "LogMsgCode": "File processing is started",
        "LogLevel": "INFO",
        "GeneralLogMsg": "File Poller activity picked the file successfully...",
        "Status": "Entry",
        "Category": "INFO",
        "TransactionID": "bw0a100",
        "ProcessInstanceID": "bw0a100",
        "LogCorrelationID": "bw0a100_bw0a100",
        "LogTimeStamp": "2016-12-22T17:44:06+05:30",
        "Payload": "",
        "BusinessKeys": "Mobile Number+91-8884555999"
      }
    },
    {
      "LogMsgHeader": {
        "InterfaceId": "CLE123_CLEFramework",
        "SenderSystemName": "D:\\send.txt",
        "TargetSystemName": "D:\\FileTransfered",
        "TransactionType": "Payment",
        "TransactionDomain": "OTC"
      },
      "LogMsgDescription": {
        "LogMsgCode": "File processing is started",
        "LogLevel": "INFO",
        "GeneralLogMsg": "File Poller activity picked the file successfully...",
        "Status": "Entry",
        "Category": "INFO",
        "TransactionID": "bw0a104",
        "ProcessInstanceID": "bw0a104",
        "LogCorrelationID": "bw0a104_bw0a104",
        "LogTimeStamp": "2016-12-22T17:44:07+05:30",
        "Payload": "",
        "BusinessKeys": "Mobile Number+91-8884555999"
      }
    },
    {
      "LogMsgHeader": {
        "InterfaceId": "CLE123_CLEFramework",
        "SenderSystemName": "D:\\send.txt",
        "TargetSystemName": "D:\\FileTransfered",
        "TransactionType": "Payment",
        "TransactionDomain": "OTC"
      },
      "LogMsgDescription": {
        "LogMsgCode": "File processing is started",
        "LogLevel": "INFO",
        "GeneralLogMsg": "File Poller activity picked the file successfully...",
        "Status": "Entry",
        "Category": "INFO",
        "TransactionID": "bw0a100",
        "ProcessInstanceID": "bw0a100",
        "LogCorrelationID": "bw0a100_bw0a100",
        "LogTimeStamp": "2016-12-22T17:48:55+05:30",
        "Payload": "",
        "BusinessKeys": "Mobile Number+91-8884555999"
      }
    },
    {
      "LogMsgHeader": {
        "InterfaceId": "CLE123_CLEFramework",
        "SenderSystemName": "D:\\send.txt",
        "TargetSystemName": "D:\\FileTransfered",
        "TransactionType": "Payment",
        "TransactionDomain": "OTC"
      },
      "LogMsgDescription": {
        "LogMsgCode": "File processing is started",
        "LogLevel": "INFO",
        "GeneralLogMsg": "File Poller activity picked the file successfully...",
        "Status": "Entry",
        "Category": "INFO",
        "TransactionID": "bw0a104",
        "ProcessInstanceID": "bw0a104",
        "LogCorrelationID": "bw0a104_bw0a104",
        "LogTimeStamp": "2016-12-22T17:48:56+05:30",
        "Payload": "",
        "BusinessKeys": "Mobile Number+91-8884555999"
      }
    },
    {
      "LogMsgHeader": {
        "InterfaceId": "CLE123_CLEFramework",
        "SenderSystemName": "D:\\send.txt",
        "TargetSystemName": "D:\\FileTransfered",
        "TransactionType": "Payment",
        "TransactionDomain": "OTC"
      },
      "LogMsgDescription": {
        "LogMsgCode": "File processing is started",
        "LogLevel": "INFO",
        "GeneralLogMsg": "File Poller activity picked the file successfully...",
        "Status": "Entry",
        "Category": "INFO",
        "TransactionID": "bw0a100",
        "ProcessInstanceID": "bw0a100",
        "LogCorrelationID": "bw0a100_bw0a100",
        "LogTimeStamp": "2016-12-22T18:04:51+05:30",
        "Payload": "",
        "BusinessKeys": "Mobile Number+91-8884555999"
      }
    },
    {
      "LogMsgHeader": {
        "InterfaceId": "CLE123_CLEFramework",
        "SenderSystemName": "D:\\send.txt",
        "TargetSystemName": "D:\\FileTransfered",
        "TransactionType": "Payment",
        "TransactionDomain": "OTC"
      },
      "LogMsgDescription": {
        "LogMsgCode": "File processing is started",
        "LogLevel": "INFO",
        "GeneralLogMsg": "File is successfully written to destination directory and DB Queried...\"",
        "Status": "Exit",
        "Category": "",
        "TransactionID": "bw0a100",
        "ProcessInstanceID": "bw0a100",
        "LogCorrelationID": "bw0a100_bw0a100",
        "LogTimeStamp": "2016-12-22T18:04:51+05:30",
        "Payload": "",
        "BusinessKeys": "Mobile Number+91-8884555999"
      }
    },
    {
      "LogMsgHeader": {
        "InterfaceId": "CLE123_CLEFramework",
        "SenderSystemName": "D:\\send.txt",
        "TargetSystemName": "D:\\FileTransfered",
        "TransactionType": "Payment",
        "TransactionDomain": "OTC"
      },
      "LogMsgDescription": {
        "LogMsgCode": "File processing is started",
        "LogLevel": "INFO",
        "GeneralLogMsg": "File Poller activity picked the file successfully...",
        "Status": "Entry",
        "Category": "INFO",
        "TransactionID": "bw0a104",
        "ProcessInstanceID": "bw0a104",
        "LogCorrelationID": "bw0a104_bw0a104",
        "LogTimeStamp": "2016-12-22T18:04:52+05:30",
        "Payload": "",
        "BusinessKeys": "Mobile Number+91-8884555999"
      }
    },
    {
      "LogMsgHeader": {
        "InterfaceId": "CLE123_CLEFramework",
        "SenderSystemName": "D:\\send.txt",
        "TargetSystemName": "D:\\FileTransfered",
        "TransactionType": "Payment",
        "TransactionDomain": "OTC"
      },
      "LogMsgDescription": {
        "LogMsgCode": "File processing is started",
        "LogLevel": "INFO",
        "GeneralLogMsg": "File Poller activity picked the file successfully...",
        "Status": "Entry",
        "Category": "INFO",
        "TransactionID": "bw0a100",
        "ProcessInstanceID": "bw0a100",
        "LogCorrelationID": "bw0a100_bw0a100",
        "LogTimeStamp": "2016-12-23T11:30:14+05:30",
        "Payload": "",
        "BusinessKeys": "Mobile Number+91-8884555999"
      }
    },
    {
      "LogMsgHeader": {
        "InterfaceId": "CLE123_CLEFramework",
        "SenderSystemName": "D:\\send.txt",
        "TargetSystemName": "D:\\FileTransfered",
        "TransactionType": "Payment",
        "TransactionDomain": "OTC"
      },
      "LogMsgDescription": {
        "LogMsgCode": "File processing is started",
        "LogLevel": "INFO",
        "GeneralLogMsg": "File is successfully written to destination directory and DB Queried...\"",
        "Status": "Exit",
        "Category": "",
        "TransactionID": "bw0a100",
        "ProcessInstanceID": "bw0a100",
        "LogCorrelationID": "bw0a100_bw0a100",
        "LogTimeStamp": "2016-12-23T11:30:14+05:30",
        "Payload": "",
        "BusinessKeys": "Mobile Number+91-8884555999"
      }
    },
    {
      "LogMsgHeader": {
        "InterfaceId": "CLE123_CLEFramework",
        "SenderSystemName": "D:\\send.txt",
        "TargetSystemName": "D:\\FileTransfered",
        "TransactionType": "Payment",
        "TransactionDomain": "OTC"
      },
      "LogMsgDescription": {
        "LogMsgCode": "File processing is started",
        "LogLevel": "INFO",
        "GeneralLogMsg": "File Poller activity picked the file successfully...",
        "Status": "Entry",
        "Category": "INFO",
        "TransactionID": "bw0a104",
        "ProcessInstanceID": "bw0a104",
        "LogCorrelationID": "bw0a104_bw0a104",
        "LogTimeStamp": "2016-12-23T11:30:19+05:30",
        "Payload": "",
        "BusinessKeys": "Mobile Number+91-8884555999"
      }
    },
    {
      "LogMsgHeader": {
        "InterfaceId": "CLE123_CLEFramework",
        "SenderSystemName": "D:\\send.txt",
        "TargetSystemName": "D:\\FileTransfered",
        "TransactionType": "Payment",
        "TransactionDomain": "OTC"
      },
      "LogMsgDescription": {
        "LogMsgCode": "File processing is started",
        "LogLevel": "INFO",
        "GeneralLogMsg": "File Poller activity picked the file successfully...",
        "Status": "Entry",
        "Category": "INFO",
        "TransactionID": "bw0a100",
        "ProcessInstanceID": "bw0a100",
        "LogCorrelationID": "bw0a100_bw0a100",
        "LogTimeStamp": "2016-12-23T12:01:38+05:30",
        "Payload": "",
        "BusinessKeys": "Mobile Number+91-8884555999"
      }
    },
    {
      "LogMsgHeader": {
        "InterfaceId": "CLE123_CLEFramework",
        "SenderSystemName": "D:\\send.txt",
        "TargetSystemName": "D:\\FileTransfered",
        "TransactionType": "Payment",
        "TransactionDomain": "OTC"
      },
      "LogMsgDescription": {
        "LogMsgCode": "File processing is started",
        "LogLevel": "INFO",
        "GeneralLogMsg": "File is successfully written to destination directory and DB Queried...\"",
        "Status": "Exit",
        "Category": "",
        "TransactionID": "bw0a100",
        "ProcessInstanceID": "bw0a100",
        "LogCorrelationID": "bw0a100_bw0a100",
        "LogTimeStamp": "2016-12-23T12:01:38+05:30",
        "Payload": "",
        "BusinessKeys": "Mobile Number+91-8884555999"
      }
    },
    {
      "LogMsgHeader": {
        "InterfaceId": "CLE123_CLEFramework",
        "SenderSystemName": "D:\\send.txt",
        "TargetSystemName": "D:\\FileTransfered",
        "TransactionType": "Payment",
        "TransactionDomain": "OTC"
      },
      "LogMsgDescription": {
        "LogMsgCode": "File processing is started",
        "LogLevel": "INFO",
        "GeneralLogMsg": "File Poller activity picked the file successfully...",
        "Status": "Entry",
        "Category": "INFO",
        "TransactionID": "bw0a104",
        "ProcessInstanceID": "bw0a104",
        "LogCorrelationID": "bw0a104_bw0a104",
        "LogTimeStamp": "2016-12-23T12:01:40+05:30",
        "Payload": "",
        "BusinessKeys": "Mobile Number+91-8884555999"
      }
    },
    {
      "LogMsgHeader": {
        "InterfaceId": "CLE123_CLEFramework",
        "SenderSystemName": "D:\\send.txt",
        "TargetSystemName": "D:\\FileTransfered",
        "TransactionType": "Payment",
        "TransactionDomain": "OTC"
      },
      "LogMsgDescription": {
        "LogMsgCode": "File processing is started",
        "LogLevel": "INFO",
        "GeneralLogMsg": "File Poller activity picked the file successfully...",
        "Status": "Entry",
        "Category": "INFO",
        "TransactionID": "bw0a100",
        "ProcessInstanceID": "bw0a100",
        "LogCorrelationID": "bw0a100_bw0a100",
        "LogTimeStamp": "2016-12-23T12:09:08+05:30",
        "Payload": "",
        "BusinessKeys": "Mobile Number+91-8884555999"
      }
    },
    {
      "LogMsgHeader": {
        "InterfaceId": "CLE123_CLEFramework",
        "SenderSystemName": "D:\\send.txt",
        "TargetSystemName": "D:\\FileTransfered",
        "TransactionType": "Payment",
        "TransactionDomain": "OTC"
      },
      "LogMsgDescription": {
        "LogMsgCode": "File processing is started",
        "LogLevel": "INFO",
        "GeneralLogMsg": "File is successfully written to destination directory and DB Queried...\"",
        "Status": "Exit",
        "Category": "",
        "TransactionID": "bw0a100",
        "ProcessInstanceID": "bw0a100",
        "LogCorrelationID": "bw0a100_bw0a100",
        "LogTimeStamp": "2016-12-23T12:09:08+05:30",
        "Payload": "",
        "BusinessKeys": "Mobile Number+91-8884555999"
      }
    },
    {
      "LogMsgHeader": {
        "InterfaceId": "CLE123_CLEFramework",
        "SenderSystemName": "D:\\send.txt",
        "TargetSystemName": "D:\\FileTransfered",
        "TransactionType": "Payment",
        "TransactionDomain": "OTC"
      },
      "LogMsgDescription": {
        "LogMsgCode": "File processing is started",
        "LogLevel": "INFO",
        "GeneralLogMsg": "File Poller activity picked the file successfully...",
        "Status": "Entry",
        "Category": "INFO",
        "TransactionID": "bw0a104",
        "ProcessInstanceID": "bw0a104",
        "LogCorrelationID": "bw0a104_bw0a104",
        "LogTimeStamp": "2016-12-23T12:09:09+05:30",
        "Payload": "",
        "BusinessKeys": "Mobile Number+91-8884555999"
      }
    },
    {
      "LogMsgHeader": {
        "InterfaceId": "CLE123_CLEFramework",
        "SenderSystemName": "D:\\send.txt",
        "TargetSystemName": "D:\\FileTransfered",
        "TransactionType": "Payment",
        "TransactionDomain": "OTC"
      },
      "LogMsgDescription": {
        "LogMsgCode": "File processing is started",
        "LogLevel": "INFO",
        "GeneralLogMsg": "File Poller activity picked the file successfully...",
        "Status": "Entry",
        "Category": "INFO",
        "TransactionID": "bw0a101",
        "ProcessInstanceID": "bw0a101",
        "LogCorrelationID": "bw0a101_bw0a101",
        "LogTimeStamp": "2016-12-27T14:44:17+05:30",
        "Payload": "",
        "BusinessKeys": "Mobile Number+91-8884555999"
      }
    },
    {
      "LogMsgHeader": {
        "InterfaceId": "CLE123_CLEFramework",
        "SenderSystemName": "D:\\send.txt",
        "TargetSystemName": "D:\\FileTransfered",
        "TransactionType": "Payment",
        "TransactionDomain": "OTC"
      },
      "LogMsgDescription": {
        "LogMsgCode": "File processing is started",
        "LogLevel": "INFO",
        "GeneralLogMsg": "File is successfully written to destination directory and DB Queried...\"",
        "Status": "Exit",
        "Category": "",
        "TransactionID": "bw0a101",
        "ProcessInstanceID": "bw0a101",
        "LogCorrelationID": "bw0a101_bw0a101",
        "LogTimeStamp": "2016-12-27T14:44:17+05:30",
        "Payload": "",
        "BusinessKeys": "Mobile Number+91-8884555999"
      }
    },
    {
      "LogMsgHeader": {
        "InterfaceId": "CLE123_CLEFramework",
        "SenderSystemName": "D:\\send.txt",
        "TargetSystemName": "D:\\FileTransfered",
        "TransactionType": "Payment",
        "TransactionDomain": "OTC"
      },
      "LogMsgDescription": {
        "LogMsgCode": "File processing is started",
        "LogLevel": "INFO",
        "GeneralLogMsg": "File Poller activity picked the file successfully...",
        "Status": "Entry",
        "Category": "INFO",
        "TransactionID": "bw0a103",
        "ProcessInstanceID": "bw0a103",
        "LogCorrelationID": "bw0a103_bw0a103",
        "LogTimeStamp": "2016-12-27T14:44:19+05:30",
        "Payload": "",
        "BusinessKeys": "Mobile Number+91-8884555999"
      }
    },
    {
      "LogMsgHeader": {
        "InterfaceId": "CLE123_CLEFramework",
        "SenderSystemName": "D:\\send.txt",
        "TargetSystemName": "D:\\FileTransfered",
        "TransactionType": "Payment",
        "TransactionDomain": "OTC"
      },
      "LogMsgDescription": {
        "LogMsgCode": "File processing is started",
        "LogLevel": "INFO",
        "GeneralLogMsg": "File Poller activity picked the file successfully...",
        "Status": "Entry",
        "Category": "INFO",
        "TransactionID": "bw0a100",
        "ProcessInstanceID": "bw0a100",
        "LogCorrelationID": "bw0a100_bw0a100",
        "LogTimeStamp": "2016-12-27T14:59:16+05:30",
        "Payload": "",
        "BusinessKeys": "Mobile Number+91-8884555999"
      }
    },
    {
      "LogMsgHeader": {
        "InterfaceId": "CLE123_CLEFramework",
        "SenderSystemName": "D:\\send.txt",
        "TargetSystemName": "D:\\FileTransfered",
        "TransactionType": "Payment",
        "TransactionDomain": "OTC"
      },
      "LogMsgDescription": {
        "LogMsgCode": "File processing is started",
        "LogLevel": "INFO",
        "GeneralLogMsg": "File is successfully written to destination directory and DB Queried...\"",
        "Status": "Exit",
        "Category": "",
        "TransactionID": "bw0a100",
        "ProcessInstanceID": "bw0a100",
        "LogCorrelationID": "bw0a100_bw0a100",
        "LogTimeStamp": "2016-12-27T14:59:16+05:30",
        "Payload": "",
        "BusinessKeys": "Mobile Number+91-8884555999"
      }
    },
    {
      "LogMsgHeader": {
        "InterfaceId": "CLE123_CLEFramework",
        "SenderSystemName": "D:\\send.txt",
        "TargetSystemName": "D:\\FileTransfered",
        "TransactionType": "Payment",
        "TransactionDomain": "OTC"
      },
      "LogMsgDescription": {
        "LogMsgCode": "File processing is started",
        "LogLevel": "INFO",
        "GeneralLogMsg": "File Poller activity picked the file successfully...",
        "Status": "Entry",
        "Category": "INFO",
        "TransactionID": "bw0a102",
        "ProcessInstanceID": "bw0a102",
        "LogCorrelationID": "bw0a102_bw0a102",
        "LogTimeStamp": "2016-12-27T14:59:17+05:30",
        "Payload": "",
        "BusinessKeys": "Mobile Number+91-8884555999"
      }
    },
    {
      "LogMsgHeader": {
        "InterfaceId": "CLE123_CLEFramework",
        "SenderSystemName": "D:\\send.txt",
        "TargetSystemName": "D:\\FileTransfered",
        "TransactionType": "Payment",
        "TransactionDomain": "OTC"
      },
      "LogMsgDescription": {
        "LogMsgCode": "File processing is started",
        "LogLevel": "INFO",
        "GeneralLogMsg": "File Poller activity picked the file successfully...",
        "Status": "Entry",
        "Category": "INFO",
        "TransactionID": "bw0a100",
        "ProcessInstanceID": "bw0a100",
        "LogCorrelationID": "bw0a100_bw0a100",
        "LogTimeStamp": "2016-12-27T15:03:33+05:30",
        "Payload": "",
        "BusinessKeys": "Mobile Number+91-8884555999"
      }
    },
    {
      "LogMsgHeader": {
        "InterfaceId": "CLE123_CLEFramework",
        "SenderSystemName": "D:\\send.txt",
        "TargetSystemName": "D:\\FileTransfered",
        "TransactionType": "Payment",
        "TransactionDomain": "OTC"
      },
      "LogMsgDescription": {
        "LogMsgCode": "File processing is started",
        "LogLevel": "INFO",
        "GeneralLogMsg": "File is successfully written to destination directory and DB Queried...\"",
        "Status": "Exit",
        "Category": "",
        "TransactionID": "bw0a100",
        "ProcessInstanceID": "bw0a100",
        "LogCorrelationID": "bw0a100_bw0a100",
        "LogTimeStamp": "2016-12-27T15:03:33+05:30",
        "Payload": "",
        "BusinessKeys": "Mobile Number+91-8884555999"
      }
    },
    {
      "LogMsgHeader": {
        "InterfaceId": "CLE123_CLEFramework",
        "SenderSystemName": "D:\\send.txt",
        "TargetSystemName": "D:\\FileTransfered",
        "TransactionType": "Payment",
        "TransactionDomain": "OTC"
      },
      "LogMsgDescription": {
        "LogMsgCode": "File processing is started",
        "LogLevel": "INFO",
        "GeneralLogMsg": "File Poller activity picked the file successfully...",
        "Status": "Entry",
        "Category": "INFO",
        "TransactionID": "bw0a105",
        "ProcessInstanceID": "bw0a105",
        "LogCorrelationID": "bw0a105_bw0a105",
        "LogTimeStamp": "2016-12-27T15:03:35+05:30",
        "Payload": "",
        "BusinessKeys": "Mobile Number+91-8884555999"
      }
    },
    {
      "LogMsgHeader": {
        "InterfaceId": "CLE123_CLEFramework",
        "SenderSystemName": "D:\\send.txt",
        "TargetSystemName": "D:\\FileTransfered",
        "TransactionType": "Payment",
        "TransactionDomain": "OTC"
      },
      "LogMsgDescription": {
        "LogMsgCode": "File processing is started",
        "LogLevel": "INFO",
        "GeneralLogMsg": "File Poller activity picked the file successfully...",
        "Status": "Entry",
        "Category": "INFO",
        "TransactionID": "bw0a100",
        "ProcessInstanceID": "bw0a100",
        "LogCorrelationID": "bw0a100_bw0a100",
        "LogTimeStamp": "2016-12-27T16:06:02+05:30",
        "Payload": "",
        "BusinessKeys": "Mobile Number+91-8884555999"
      }
    },
    {
      "LogMsgHeader": {
        "InterfaceId": "CLE123_CLEFramework",
        "SenderSystemName": "D:\\send.txt",
        "TargetSystemName": "D:\\FileTransfered",
        "TransactionType": "Payment",
        "TransactionDomain": "OTC"
      },
      "LogMsgDescription": {
        "LogMsgCode": "File processing is started",
        "LogLevel": "INFO",
        "GeneralLogMsg": "File is successfully written to destination directory and DB Queried...\"",
        "Status": "Exit",
        "Category": "",
        "TransactionID": "bw0a100",
        "ProcessInstanceID": "bw0a100",
        "LogCorrelationID": "bw0a100_bw0a100",
        "LogTimeStamp": "2016-12-27T16:06:02+05:30",
        "Payload": "",
        "BusinessKeys": "Mobile Number+91-8884555999"
      }
    },
    {
      "LogMsgHeader": {
        "InterfaceId": "CLE123_CLEFramework",
        "SenderSystemName": "D:\\send.txt",
        "TargetSystemName": "D:\\FileTransfered",
        "TransactionType": "Payment",
        "TransactionDomain": "OTC"
      },
      "LogMsgDescription": {
        "LogMsgCode": "File processing is started",
        "LogLevel": "INFO",
        "GeneralLogMsg": "File Poller activity picked the file successfully...",
        "Status": "Entry",
        "Category": "INFO",
        "TransactionID": "bw0a104",
        "ProcessInstanceID": "bw0a104",
        "LogCorrelationID": "bw0a104_bw0a104",
        "LogTimeStamp": "2016-12-27T16:06:05+05:30",
        "Payload": "",
        "BusinessKeys": "Mobile Number+91-8884555999"
      }
    },
    {
      "LogMsgHeader": {
        "InterfaceId": "CLE123_CLEFramework",
        "SenderSystemName": "D:\\send.txt",
        "TargetSystemName": "D:\\FileTransfered",
        "TransactionType": "Payment",
        "TransactionDomain": "OTC"
      },
      "LogMsgDescription": {
        "LogMsgCode": "File processing is started",
        "LogLevel": "INFO",
        "GeneralLogMsg": "File Poller activity picked the file successfully...",
        "Status": "Entry",
        "Category": "INFO",
        "TransactionID": "bw0a100",
        "ProcessInstanceID": "bw0a100",
        "LogCorrelationID": "bw0a100_bw0a100",
        "LogTimeStamp": "2017-01-02T10:15:11+05:30",
        "Payload": "",
        "BusinessKeys": "Mobile Number+91-8884555999"
      }
    },
    {
      "LogMsgHeader": {
        "InterfaceId": "CLE123_CLEFramework",
        "SenderSystemName": "D:\\send.txt",
        "TargetSystemName": "D:\\FileTransfered",
        "TransactionType": "Payment",
        "TransactionDomain": "OTC"
      },
      "LogMsgDescription": {
        "LogMsgCode": "File processing is started",
        "LogLevel": "INFO",
        "GeneralLogMsg": "File is successfully written to destination directory and DB Queried...\"",
        "Status": "Exit",
        "Category": "",
        "TransactionID": "bw0a100",
        "ProcessInstanceID": "bw0a100",
        "LogCorrelationID": "bw0a100_bw0a100",
        "LogTimeStamp": "2017-01-02T10:15:11+05:30",
        "Payload": "",
        "BusinessKeys": "Mobile Number+91-8884555999"
      }
    },
    {
      "LogMsgHeader": {
        "InterfaceId": "CLE123_CLEFramework",
        "SenderSystemName": "D:\\send.txt",
        "TargetSystemName": "D:\\FileTransfered",
        "TransactionType": "Payment",
        "TransactionDomain": "OTC"
      },
      "LogMsgDescription": {
        "LogMsgCode": "File processing is started",
        "LogLevel": "INFO",
        "GeneralLogMsg": "File Poller activity picked the file successfully...",
        "Status": "Entry",
        "Category": "INFO",
        "TransactionID": "bw0a102",
        "ProcessInstanceID": "bw0a102",
        "LogCorrelationID": "bw0a102_bw0a102",
        "LogTimeStamp": "2017-01-02T10:15:13+05:30",
        "Payload": "",
        "BusinessKeys": "Mobile Number+91-8884555999"
      }
    },
    {
      "LogMsgHeader": {
        "InterfaceId": "CLE123_CLEFramework",
        "SenderSystemName": "D:\\send.txt",
        "TargetSystemName": "D:\\FileTransfered",
        "TransactionType": "Payment",
        "TransactionDomain": "OTC"
      },
      "LogMsgDescription": {
        "LogMsgCode": "File processing is started",
        "LogLevel": "INFO",
        "GeneralLogMsg": "File Poller activity picked the file successfully...",
        "Status": "Entry",
        "Category": "INFO",
        "TransactionID": "bw0a100",
        "ProcessInstanceID": "bw0a100",
        "LogCorrelationID": "bw0a100_bw0a100",
        "LogTimeStamp": "2017-01-02T10:20:23+05:30",
        "Payload": "",
        "BusinessKeys": "Mobile Number+91-8884555999"
      }
    },
    {
      "LogMsgHeader": {
        "InterfaceId": "CLE123_CLEFramework",
        "SenderSystemName": "D:\\send.txt",
        "TargetSystemName": "D:\\FileTransfered",
        "TransactionType": "Payment",
        "TransactionDomain": "OTC"
      },
      "LogMsgDescription": {
        "LogMsgCode": "File processing is started",
        "LogLevel": "INFO",
        "GeneralLogMsg": "File is successfully written to destination directory and DB Queried...\"",
        "Status": "Exit",
        "Category": "",
        "TransactionID": "bw0a100",
        "ProcessInstanceID": "bw0a100",
        "LogCorrelationID": "bw0a100_bw0a100",
        "LogTimeStamp": "2017-01-02T10:20:23+05:30",
        "Payload": "",
        "BusinessKeys": "Mobile Number+91-8884555999"
      }
    },
    {
      "LogMsgHeader": {
        "InterfaceId": "CLE123_CLEFramework",
        "SenderSystemName": "D:\\send.txt",
        "TargetSystemName": "D:\\FileTransfered",
        "TransactionType": "Payment",
        "TransactionDomain": "OTC"
      },
      "LogMsgDescription": {
        "LogMsgCode": "File processing is started",
        "LogLevel": "INFO",
        "GeneralLogMsg": "File Poller activity picked the file successfully...",
        "Status": "Entry",
        "Category": "INFO",
        "TransactionID": "bw0a104",
        "ProcessInstanceID": "bw0a104",
        "LogCorrelationID": "bw0a104_bw0a104",
        "LogTimeStamp": "2017-01-02T10:20:24+05:30",
        "Payload": "",
        "BusinessKeys": "Mobile Number+91-8884555999"
      }
    },
    {
      "LogMsgHeader": {
        "InterfaceId": "CLE123_CLEFramework",
        "SenderSystemName": "D:\\send.txt",
        "TargetSystemName": "D:\\FileTransfered",
        "TransactionType": "Payment",
        "TransactionDomain": "OTC"
      },
      "LogMsgDescription": {
        "LogMsgCode": "File processing is started",
        "LogLevel": "INFO",
        "GeneralLogMsg": "File Poller activity picked the file successfully...",
        "Status": "Entry",
        "Category": "INFO",
        "TransactionID": "bw0a100",
        "ProcessInstanceID": "bw0a100",
        "LogCorrelationID": "bw0a100_bw0a100",
        "LogTimeStamp": "2017-01-02T12:52:41+05:30",
        "Payload": "asvasvas d",
        "BusinessKeys": "Mobile Number"
      }
    },
    {
      "LogMsgHeader": {
        "InterfaceId": "CLE123_CLEFramework",
        "SenderSystemName": "D:\\send.txt",
        "TargetSystemName": "D:\\FileTransfered",
        "TransactionType": "Payment",
        "TransactionDomain": "OTC"
      },
      "LogMsgDescription": {
        "LogMsgCode": "File processing is started",
        "LogLevel": "INFO",
        "GeneralLogMsg": "File Poller activity picked the file successfully...",
        "Status": "Entry",
        "Category": "INFO",
        "TransactionID": "bw0a102",
        "ProcessInstanceID": "bw0a102",
        "LogCorrelationID": "bw0a102_bw0a102",
        "LogTimeStamp": "2017-01-02T12:52:43+05:30",
        "Payload": "",
        "BusinessKeys": "Mobile Number"
      }
    },
    {
      "LogMsgHeader": {
        "InterfaceId": "CLE123_CLEFramework",
        "SenderSystemName": "D:\\send.txt",
        "TargetSystemName": "D:\\FileTransfered",
        "TransactionType": "Payment",
        "TransactionDomain": "OTC"
      },
      "LogMsgDescription": {
        "LogMsgCode": "File processing is started",
        "LogLevel": "INFO",
        "GeneralLogMsg": "File Poller activity picked the file successfully...",
        "Status": "Entry",
        "Category": "INFO",
        "TransactionID": "bw0a100",
        "ProcessInstanceID": "bw0a100",
        "LogCorrelationID": "bw0a100_bw0a100",
        "LogTimeStamp": "2017-01-02T14:40:36+05:30",
        "Payload": "asvasvas d",
        "BusinessKeys": "Mobile Number"
      }
    },
    {
      "LogMsgHeader": {
        "InterfaceId": "CLE123_CLEFramework",
        "SenderSystemName": "D:\\send.txt",
        "TargetSystemName": "D:\\FileTransfered",
        "TransactionType": "Payment",
        "TransactionDomain": "OTC"
      },
      "LogMsgDescription": {
        "LogMsgCode": "File processing is started",
        "LogLevel": "INFO",
        "GeneralLogMsg": "File is successfully written to destination directory and DB Queried...\"",
        "Status": "Exit",
        "Category": "",
        "TransactionID": "bw0a100",
        "ProcessInstanceID": "bw0a100",
        "LogCorrelationID": "bw0a100_bw0a100",
        "LogTimeStamp": "2017-01-02T14:40:36+05:30",
        "Payload": "asvasvas d",
        "BusinessKeys": ""
      }
    },
    {
      "LogMsgHeader": {
        "InterfaceId": "CLE123_CLEFramework",
        "SenderSystemName": "D:\\send.txt",
        "TargetSystemName": "D:\\FileTransfered",
        "TransactionType": "Payment",
        "TransactionDomain": "OTC"
      },
      "LogMsgDescription": {
        "LogMsgCode": "File processing is started",
        "LogLevel": "INFO",
        "GeneralLogMsg": "File Poller activity picked the file successfully...",
        "Status": "Entry",
        "Category": "INFO",
        "TransactionID": "bw0a102",
        "ProcessInstanceID": "bw0a102",
        "LogCorrelationID": "bw0a102_bw0a102",
        "LogTimeStamp": "2017-01-02T14:40:38+05:30",
        "Payload": "",
        "BusinessKeys": "Mobile Number"
      }
    },
    {
      "LogMsgHeader": {
        "InterfaceId": "CLE123_CLEFramework",
        "SenderSystemName": "D:\\send.txt",
        "TargetSystemName": "D:\\FileTransfered",
        "TransactionType": "Payment",
        "TransactionDomain": "OTC"
      },
      "LogMsgDescription": {
        "LogMsgCode": "File processing is started",
        "LogLevel": "INFO",
        "GeneralLogMsg": "File Poller activity picked the file successfully...",
        "Status": "Entry",
        "Category": "INFO",
        "TransactionID": "bw0a106",
        "ProcessInstanceID": "bw0a106",
        "LogCorrelationID": "bw0a106_bw0a106",
        "LogTimeStamp": "2017-01-02T14:48:53+05:30",
        "Payload": "asvasvas d",
        "BusinessKeys": "Mobile Number"
      }
    },
    {
      "LogMsgHeader": {
        "InterfaceId": "CLE123_CLEFramework",
        "SenderSystemName": "D:\\send.txt",
        "TargetSystemName": "D:\\FileTransfered",
        "TransactionType": "Payment",
        "TransactionDomain": "OTC"
      },
      "LogMsgDescription": {
        "LogMsgCode": "File processing is started",
        "LogLevel": "INFO",
        "GeneralLogMsg": "File is successfully written to destination directory and DB Queried...\"",
        "Status": "Exit",
        "Category": "",
        "TransactionID": "bw0a106",
        "ProcessInstanceID": "bw0a106",
        "LogCorrelationID": "bw0a106_bw0a106",
        "LogTimeStamp": "2017-01-02T14:48:53+05:30",
        "Payload": "asvasvas d",
        "BusinessKeys": ""
      }
    },
    {
      "LogMsgHeader": {
        "InterfaceId": "CLE123_CLEFramework",
        "SenderSystemName": "D:\\send.txt",
        "TargetSystemName": "D:\\FileTransfered",
        "TransactionType": "Payment",
        "TransactionDomain": "OTC"
      },
      "LogMsgDescription": {
        "LogMsgCode": "File processing is started",
        "LogLevel": "INFO",
        "GeneralLogMsg": "File Poller activity picked the file successfully...",
        "Status": "Entry",
        "Category": "INFO",
        "TransactionID": "bw0a10a",
        "ProcessInstanceID": "bw0a10a",
        "LogCorrelationID": "bw0a10a_bw0a10a",
        "LogTimeStamp": "2017-01-02T14:48:53+05:30",
        "Payload": "",
        "BusinessKeys": "Mobile Number"
      }
    },
    {
      "LogMsgHeader": {
        "InterfaceId": "CLE123_CLEFramework",
        "SenderSystemName": "D:\\send.txt",
        "TargetSystemName": "D:\\FileTransfered",
        "TransactionType": "Payment",
        "TransactionDomain": "OTC"
      },
      "LogMsgDescription": {
        "LogMsgCode": "File processing is started",
        "LogLevel": "INFO",
        "GeneralLogMsg": "File Poller activity picked the file successfully...",
        "Status": "Entry",
        "Category": "INFO",
        "TransactionID": "bw0a104",
        "ProcessInstanceID": "bw0a104",
        "LogCorrelationID": "bw0a104_bw0a104",
        "LogTimeStamp": "2017-01-02T16:04:17+05:30",
        "Payload": "",
        "BusinessKeys": "Mobile Number+91-8884555999"
      }
    },
    {
      "LogMsgHeader": {
        "InterfaceId": "CLE123_CLEFramework",
        "SenderSystemName": "D:\\send.txt",
        "TargetSystemName": "D:\\FileTransfered",
        "TransactionType": "Payment",
        "TransactionDomain": "OTC"
      },
      "LogMsgDescription": {
        "LogMsgCode": "File processing is started",
        "LogLevel": "INFO",
        "GeneralLogMsg": "File is successfully written to destination directory and DB Queried...\"",
        "Status": "Exit",
        "Category": "",
        "TransactionID": "bw0a104",
        "ProcessInstanceID": "bw0a104",
        "LogCorrelationID": "bw0a104_bw0a104",
        "LogTimeStamp": "2017-01-02T16:04:17+05:30",
        "Payload": "",
        "BusinessKeys": "Mobile Number+91-8884555999"
      }
    },
    {
      "LogMsgHeader": {
        "InterfaceId": "CLE123_CLEFramework",
        "SenderSystemName": "D:\\send.txt",
        "TargetSystemName": "D:\\FileTransfered",
        "TransactionType": "Payment",
        "TransactionDomain": "OTC"
      },
      "LogMsgDescription": {
        "LogMsgCode": "File processing is started",
        "LogLevel": "INFO",
        "GeneralLogMsg": "File Poller activity picked the file successfully...",
        "Status": "Entry",
        "Category": "INFO",
        "TransactionID": "bw0a10b",
        "ProcessInstanceID": "bw0a10b",
        "LogCorrelationID": "bw0a10b_bw0a10b",
        "LogTimeStamp": "2017-01-02T16:04:18+05:30",
        "Payload": "",
        "BusinessKeys": "Mobile Number+91-8884555999"
      }
    },
    {
      "LogMsgHeader": {
        "InterfaceId": "CLE123_CLEFramework",
        "SenderSystemName": "D:\\send.txt",
        "TargetSystemName": "D:\\FileTransfered",
        "TransactionType": "Payment",
        "TransactionDomain": "OTC"
      },
      "LogMsgDescription": {
        "LogMsgCode": "File processing is started",
        "LogLevel": "INFO",
        "GeneralLogMsg": "File Poller activity picked the file successfully...",
        "Status": "Entry",
        "Category": "INFO",
        "TransactionID": "bw0a100",
        "ProcessInstanceID": "bw0a100",
        "LogCorrelationID": "bw0a100_bw0a100",
        "LogTimeStamp": "2017-01-02T16:05:37+05:30",
        "Payload": "",
        "BusinessKeys": "Mobile Number+91-8884555999"
      }
    },
    {
      "LogMsgHeader": {
        "InterfaceId": "CLE123_CLEFramework",
        "SenderSystemName": "D:\\send.txt",
        "TargetSystemName": "D:\\FileTransfered",
        "TransactionType": "Payment",
        "TransactionDomain": "OTC"
      },
      "LogMsgDescription": {
        "LogMsgCode": "File processing is started",
        "LogLevel": "INFO",
        "GeneralLogMsg": "File is successfully written to destination directory and DB Queried...\"",
        "Status": "Exit",
        "Category": "",
        "TransactionID": "bw0a100",
        "ProcessInstanceID": "bw0a100",
        "LogCorrelationID": "bw0a100_bw0a100",
        "LogTimeStamp": "2017-01-02T16:05:37+05:30",
        "Payload": "",
        "BusinessKeys": "Mobile Number+91-8884555999"
      }
    },
    {
      "LogMsgHeader": {
        "InterfaceId": "CLE123_CLEFramework",
        "SenderSystemName": "D:\\send.txt",
        "TargetSystemName": "D:\\FileTransfered",
        "TransactionType": "Payment",
        "TransactionDomain": "OTC"
      },
      "LogMsgDescription": {
        "LogMsgCode": "File processing is started",
        "LogLevel": "INFO",
        "GeneralLogMsg": "File Poller activity picked the file successfully...",
        "Status": "Entry",
        "Category": "INFO",
        "TransactionID": "bw0a104",
        "ProcessInstanceID": "bw0a104",
        "LogCorrelationID": "bw0a104_bw0a104",
        "LogTimeStamp": "2017-01-02T16:05:37+05:30",
        "Payload": "",
        "BusinessKeys": "Mobile Number+91-8884555999"
      }
    },
    {
      "LogMsgHeader": {
        "InterfaceId": "CLE123_CLEFramework",
        "SenderSystemName": "D:\\send.txt",
        "TargetSystemName": "D:\\FileTransfered",
        "TransactionType": "Payment",
        "TransactionDomain": "OTC"
      },
      "LogMsgDescription": {
        "LogMsgCode": "File processing is started",
        "LogLevel": "INFO",
        "GeneralLogMsg": "File Poller activity picked the file successfully...",
        "Status": "Entry",
        "Category": "INFO",
        "TransactionID": "bw0a100",
        "ProcessInstanceID": "bw0a100",
        "LogCorrelationID": "bw0a100_bw0a100",
        "LogTimeStamp": "2017-01-02T16:18:18+05:30",
        "Payload": "",
        "BusinessKeys": "Mobile Number+91-8884555999"
      }
    },
    {
      "LogMsgHeader": {
        "InterfaceId": "CLE123_CLEFramework",
        "SenderSystemName": "D:\\send.txt",
        "TargetSystemName": "D:\\FileTransfered",
        "TransactionType": "Payment",
        "TransactionDomain": "OTC"
      },
      "LogMsgDescription": {
        "LogMsgCode": "File processing is started",
        "LogLevel": "INFO",
        "GeneralLogMsg": "File is successfully written to destination directory and DB Queried...\"",
        "Status": "Exit",
        "Category": "",
        "TransactionID": "bw0a100",
        "ProcessInstanceID": "bw0a100",
        "LogCorrelationID": "bw0a100_bw0a100",
        "LogTimeStamp": "2017-01-02T16:18:18+05:30",
        "Payload": "",
        "BusinessKeys": "Mobile Number+91-8884555999"
      }
    },
    {
      "LogMsgHeader": {
        "InterfaceId": "CLE123_CLEFramework",
        "SenderSystemName": "D:\\send.txt",
        "TargetSystemName": "D:\\FileTransfered",
        "TransactionType": "Payment",
        "TransactionDomain": "OTC"
      },
      "LogMsgDescription": {
        "LogMsgCode": "File processing is started",
        "LogLevel": "INFO",
        "GeneralLogMsg": "File Poller activity picked the file successfully...",
        "Status": "Entry",
        "Category": "INFO",
        "TransactionID": "bw0a104",
        "ProcessInstanceID": "bw0a104",
        "LogCorrelationID": "bw0a104_bw0a104",
        "LogTimeStamp": "2017-01-02T16:18:19+05:30",
        "Payload": "",
        "BusinessKeys": "Mobile Number+91-8884555999"
      }
    },
    {
      "LogMsgHeader": {
        "InterfaceId": "CLE123_CLEFramework",
        "SenderSystemName": "D:\\send.txt",
        "TargetSystemName": "D:\\FileTransfered",
        "TransactionType": "Payment",
        "TransactionDomain": "OTC"
      },
      "LogMsgDescription": {
        "LogMsgCode": "File processing is started",
        "LogLevel": "INFO",
        "GeneralLogMsg": "File Poller activity picked the file successfully...",
        "Status": "Entry",
        "Category": "INFO",
        "TransactionID": "bw0a100",
        "ProcessInstanceID": "bw0a100",
        "LogCorrelationID": "bw0a100_bw0a100",
        "LogTimeStamp": "2017-01-02T17:51:02+05:30",
        "Payload": "",
        "BusinessKeys": "Mobile Number"
      }
    },
    {
      "LogMsgHeader": {
        "InterfaceId": "CLE123_CLEFramework",
        "SenderSystemName": "D:\\send.txt",
        "TargetSystemName": "D:\\FileTransfered",
        "TransactionType": "Payment",
        "TransactionDomain": "OTC"
      },
      "LogMsgDescription": {
        "LogMsgCode": "File processing is started",
        "LogLevel": "INFO",
        "GeneralLogMsg": "File is successfully written to destination directory and DB Queried...\"",
        "Status": "Exit",
        "Category": "",
        "TransactionID": "bw0a100",
        "ProcessInstanceID": "bw0a100",
        "LogCorrelationID": "bw0a100_bw0a100",
        "LogTimeStamp": "2017-01-02T17:51:02+05:30",
        "Payload": "",
        "BusinessKeys": ""
      }
    },
    {
      "LogMsgHeader": {
        "InterfaceId": "CLE123_CLEFramework",
        "SenderSystemName": "D:\\send.txt",
        "TargetSystemName": "D:\\FileTransfered",
        "TransactionType": "Payment",
        "TransactionDomain": "OTC"
      },
      "LogMsgDescription": {
        "LogMsgCode": "File processing is started",
        "LogLevel": "INFO",
        "GeneralLogMsg": "File Poller activity picked the file successfully...",
        "Status": "Entry",
        "Category": "INFO",
        "TransactionID": "bw0a102",
        "ProcessInstanceID": "bw0a102",
        "LogCorrelationID": "bw0a102_bw0a102",
        "LogTimeStamp": "2017-01-02T17:51:04+05:30",
        "Payload": "",
        "BusinessKeys": "Mobile Number"
      }
    }
  ],
  "NoOfPages": 5
}