{
	"exceptionHistoryRequest": {
		"url": "http://localhost:8099/errorhandlerservice",
		"method": "GET",
		"params": {
			"TransactionID": "",
			"InterfaceID": "",
			"ErrorTimeStampFrom": "",
			"ErrorTimeStampTo": "",
			"Page": ""
		},
		"headers": {
			"Content-Type": "application/json",
			"Accept": "application/json"
		}
	},
	"logHistoryRequest": {
		"url": "http://localhost:8099/loghandlerservice",
		"method": "GET",
		"params": {
			"TransactionID": "",
			"InterfaceID": "",
			"LogTimeStampFrom": "",
			"LogTimeStampTo": "",
			"Page": ""
		},
		"headers": {
			"Content-Type": "application/json",
			"Accept": "application/json"
		}
	},
	"configureInterfaceRequest": {
		"url": "http://localhost:8099/exceptionconfigservice",
		"method": "POST",
		"data": "",
		"headers": {
			"Content-Type": "application/json",
			"Accept": "application/json"
		}
	},
	"updateInterfaceRequest": {
		"url": "http://localhost:8099/exceptionconfigservice",
		"method": "PUT",
		"data": "",
		"headers": {
			"Content-Type": "application/json",
			"Accept": "application/json"
		}
	},
	"registerInterfaceRequest": {
		"url": "http://localhost:8099/interfaceconfigservice",
		"method": "POST",
		"data": "",
		"headers": {
			"Content-Type": "application/json",
			"Accept": "application/json"
		}
	},
	"getallinterfaces": {
		"url": "http://localhost:8099/interfaceconfigservice",
		"method": "GET",
		"headers": {
			"Content-Type": "application/json",
			"Accept": "application/json"
		}
	},
	"getexceptiondetailsbyid": {
		"url": "http://localhost:8099/exceptionconfigservice",
		"method": "GET",
		"params": {
			"interfaceId": ""
		},
		"headers": {
			"Content-Type": "application/json",
			"Accept": "application/json"
		}
	}
}